X,Y,address,city,zip,phone,website,island,district,principal,objectid,fax,grade_from,grade_to,complex,complex_area,charter,sch_code,sch_name,sch_type,Enrollment,Teachers,AdminFTE,In list
-157.8308982,21.43534484,47-470 Hui Aeko Place,Kaneohe,96744,808.305.4800,http://www.ahuimanu.k12.hi.us,Oahu,Windward,Kimi Yuki  Ikeda,1,808.239.3127,K,6,Castle,Castle-Kahuku,0,335,Ahuimanu Elem School,Elementary,279,22,4,TRUE
-157.927945,21.37576602,99-370 Moanalua Road,Aiea,96701,808.305.4400,https://www.aieael.k12.hi.us,Oahu,Central,James L  Kau,2,808.483.7201,K,6,Aiea,Aiea-Moanalua-Radford,0,200,Aiea Elem School,Elementary,308,22,4,TRUE
-157.9304686,21.38369077,98-1276 Ulune Street,Aiea,96701,808.305.6500,http://www.aieahs.org/,Oahu,Central,David Fati  Tanuvasa,3,808.483.7303,9,12,Aiea,Aiea-Moanalua-Radford,0,202,Aiea High School,High,1008,62,16,TRUE
-157.922161,21.38108601,99-600 Kulawea Street,Aiea,96701,808.305.9200,http://www.aieais.k12.hi.us/,Oahu,Central,Tom H  Kurashige,4,808.483.7235,7,8,Aiea,Aiea-Moanalua-Radford,0,201,Aiea Inter School,Middle,462,36,7,TRUE
-157.7492431,21.42442854,281 Ilihau Street,Kailua,96734,808.254.7944,http://www.aikahielementary.com/,Oahu,Windward,Keoki L  Fraser,5,808.254.7962,K,6,Kalaheo,Kailua-Kalaheo,0,300,Aikahi Elem School,Elementary,478,31,2,TRUE
-157.7556075,21.2792199,801 West Hind Drive,Honolulu,96821,808.377.2419,http://www.ainahaina.k12.hi.us,Oahu,Honolulu,Brendan P  Burns,6,808.377.2426,K,5,Kaiser,Farrington-Kaiser-Kalani,0,100,Aina Haina Elem School,Elementary,405,29,6,TRUE
-157.826733,21.28472899,503 Kamoku Street,Honolulu,96826,808.973.0070,http://www.alawaielementary.org/,Oahu,Honolulu,Michelle Danette  Debusca,7,808.973.0081,K,5,Kaimuki,Kaimuki-McKinley-Roosevelt,0,101,Ala Wai Elem School,Elementary,363,25,4,TRUE
-159.4919457,21.9253633,2-4035 Kaumualii Hwy,Koloa,96746,808.635.5110,http://www.alakaiokauai.org/,Kauai,Kauai,DJ Adams,8,000.000.0000,K,5,Kauai,Kapaa-Kauai-Waimea,1,558,Alaka'i O Kaua'i,Elementary,172,,,FALSE
-157.9139327,21.34367535,3265 Salt Lake Blvd.,Honolulu,96818,808.421.4280,http://aliamanu.k12.hi.us/,Oahu,Central,Sandra S  Yoshimi,9,808.421.4283,K,6,Radford,Aiea-Moanalua-Radford,0,203,Aliamanu Elem School,Elementary,621,45,7,TRUE
-157.9139327,21.34367535,3271 Salt Lake Blvd.,Honolulu,96818,808.421.4100,http://www.aliamanumiddle.org,Oahu,Central,Albert M IV Hetrick,10,808.421.4103,7,8,Radford,Aiea-Moanalua-Radford,0,204,Aliamanu Middle School,Middle,694,45,7,TRUE
-157.8043683,21.28602584,1240 7th Avenue,Honolulu,96816,808.733.4750,http://www.aliiolani.k12.hi.us/,Oahu,Honolulu,Joseph Andrew  Passantino,11,808.733.4758,K,5,Kaimuki,Kaimuki-McKinley-Roosevelt,0,102,Aliiolani Elem School,Elementary,238,18,3,TRUE
-157.790029,21.303664,2528 10th Avenue,Honolulu,96816,808.733.8465,http://home.anuenue.org/,Oahu,Honolulu,Christopher David  Yim,12,808.733.8467,K,12,Roosevelt,Kaimuki-McKinley-Roosevelt,0,103,Anuenue School,Elementary-Middle-High,502,28,8,TRUE
-158.001775,21.394437,94-1170 Waipahu Street,Waipahu,96797,808.675.0202,http://www.augustahrens.org/,Oahu,Leeward,Hanh Quang  Nguyen,13,808.675.0216,K,6,Waipahu,Pearl City-Waipahu,0,250,August Ahrens Elem School,Elementary,1219,83,9,TRUE
-156.49129,20.8889175,1650 Kaahumanu Avenue,Wailuku,96793,808.984.5656,http://www.baldwin.k12.hi.us/,Maui,Maui,Christopher K K  Wilhelm,14,808.984.5674,9,12,Baldwin,Baldwin-Kekaulike-Maui,0,400,Baldwin High School,High,1350,81,16,TRUE
-158.0829659,21.32128467,3001 Boxer Road,Kapolei,96707,808.673.7400,http://barbers.k12.hi.us/,Oahu,Leeward,Sandy Kaiulani  Calio,15,808.673.7403,K,5,Kapolei,Campbell-Kapolei,0,251,Barbers Point Elem School,Elementary,503,36,5,TRUE
-158.009712,21.31576198,91-980 North Road,Ewa Beach,96706,808.689.1200,http://www.campbellhigh.org/,Oahu,Leeward,Jonhenry Sau Chen  Lee,16,808.689.1242,9,12,Campbell,Campbell-Kapolei,0,252,Campbell High School,High,3075,185,24,TRUE
-157.794885,21.40467549,45-386 Kaneohe Bay Drive,Kaneohe,96744,808.233.5600,http://www.castlehs.k12.hi.us/,Oahu,Windward,Bernadette L S  Tyrell,17,808.233.5623,9,12,Castle,Castle-Kahuku,0,301,Castle High School,High,1116,79,16,TRUE
-157.856865,21.311573,1302 Queen Emma Street,Honolulu,96813,808.587.4400,https://www.cmshnl.org/,Oahu,Honolulu,Anne Marie Lynn  Murphy,18,808.587.4409,6,8,McKinley,Kaimuki-McKinley-Roosevelt,0,104,Keelikolani Middle School,Middle,336,24,9,FALSE
-155.0862762,19.72545775,174 Kamehameha Avenue,Hilo,96720,808.961.3664,http://www.connectionscharterschool.org/,Hawaii,Hawaii,John L. Thatcher  II,19,808.961.2665,K,12,Hilo,Hilo-Waiakea,1,396,Connections-PCS,Elementary-Middle-High,366,,,FALSE
-155.1145031,19.70976733,278 Ainako Avenue,Hilo,96720,808.974.4855,http://www.ebdesilva.org/,Hawaii,Hawaii,Dennis R  O'Brien,20,808.974.4858,K,6,Hilo,Hilo-Waiakea,0,351,DeSilva Elem School,Elementary,461,24,4,TRUE
-157.87145,21.34309801,1803 Kamehameha IV Road,Honolulu,96819,808.832.3340,https://www.dolemiddleschool.org/,Oahu,Honolulu,Mavis Sachiko  Tasaka,21,808.832.3349,6,8,Farrington,Farrington-Kaiser-Kalani,0,105,Dole Middle School,Middle,547,51,9,TRUE
-158.0775073,21.3226541,91-1245 Franklin D Roosevelt Avenue,Kapolei,96707,808.772.4012,https://www.dreamhouseewabeach.org,Oahu,Leeward,Alex Teece,22,000.000.0000,6,6,Campbell,Campbell-Kapolei,1,568,DreamHouse 'Ewa Beach,Middle,287,,,FALSE
-159.5838967,21.90934464,4750 Uliuli Road,Eleele,96705,808.335.2111,http://www.eleeleschool.k12.hi.us/,Kauai,Kauai,Allison Leiko  Carveiro,23,808.335.8415,K,5,Waimea,Kapaa-Kauai-Waimea,0,451,Eleele Elem School,Elementary,425,33,4,TRUE
-157.731527,21.38403874,770 Keolu Drive,Kailua,96734,808.266.7800,https://enchantedlake.wixsite.com/eles,Oahu,Windward,Pua'ala   McElhaney,24,808.266.7804,K,6,Kailua,Kailua-Kalaheo,0,302,Enchanted Lake Elem School,Elementary,287,24,4,TRUE
-158.0147378,21.31466429,91-740 Papipi Road,Ewa Beach,96706,808.689.1271,http://www.ewabeachelementary.org/,Oahu,Leeward,Shayne John  Greenland,25,808.689.1275,K,6,Campbell,Campbell-Kapolei,0,254,Ewa Beach Elem School,Elementary,764,45,7,TRUE
-158.0338373,21.34399672,91-1280 Renton Road,Ewa Beach,96706,808.307.8200,https://www.ewa.k12.hi.us/,Oahu,Leeward,Stanley  Jr Tamashiro,26,808.681.8206,K,5,Campbell,Campbell-Kapolei,0,253,Ewa Elem School,Elementary,1035,68,8,TRUE
-158.027574,21.32273602,91-6291 Kapolei Parkway,Kapolei,96706,808.687.9500,http://www.ewamakai.org/,Oahu,Leeward,Kim M  Sanders,27,808.685.2052,7,8,Campbell,Campbell-Kapolei,0,296,Ewa Makai Middle School,Middle,1254,73,12,TRUE
-157.873236,21.32977481,1564 North King Street,Honolulu,96817,808.832.3600,http://farringtonhighschool.org,Oahu,Honolulu,Alfredo B  Carganilla,28,808.832.3587,9,12,Farrington,Farrington-Kaiser-Kalani,0,106,Farrington High School,High,2339,141,27,TRUE
-157.8820191,21.33919363,1121 Middle Street,Honolulu,96819,808.832.3040,http://fernschool.com/,Oahu,Honolulu,Glen K  Miyasato,29,808.832.3043,K,5,Farrington,Farrington-Kaiser-Kalani,0,107,Fern Elem School,Elementary,384,33,6.5,TRUE
-155.0924197,19.74456622,121 Haaheo Road,Hilo,96720,808.974.4111,http://www.haaheo.org/,Hawaii,Hawaii,Jennifer Naomi  Sueoka,30,808.974.4112,K,6,Hilo,Hilo-Waiakea,0,352,Haaheo Elem School,Elementary,178,12,2,TRUE
-157.709543,21.2973671,595 Pepeekeo Street,Honolulu,96825,808.397.5822,https://www.hahaionees.org/,Oahu,Honolulu,Shannon C  Goo,31,808.397.5827,K,5,Kaiser,Farrington-Kaiser-Kalani,0,108,Hahaione Elem School,Elementary,538,36,4,TRUE
-156.3225306,20.92821144,105 Pauwela Road,Haiku,96708,808.575.3000,http://haikuschool.org/,Maui,Maui,Desiree Sumiko Nani  Sides,32,808.575.3003,K,5,Kekaulike,Baldwin-Kekaulike-Maui,0,401,Haiku Elem School,Elementary,332,29,4,TRUE
-157.813455,21.40931102,45-720 Keaahala Road,Kaneohe,96744,808.235.9155,https://www.hakipuu.org/,Oahu,Windward,Michael Nakasato,33,808.235.9160,4,12,Castle,Castle-Kahuku,1,546,Hakipuu Learning Center - PCS,Elementary-Middle-High,61,,,FALSE
-157.8296006,21.31298766,2101 Makiki Heights Drive,Honolulu,96822,808.945.1600,http://www.halaukumana.org/,Oahu,Honolulu,Keolani Noa,34,808.945.1604,6,12,Roosevelt,Kaimuki-McKinley-Roosevelt,1,540,Halau Ku Mana - PCS,Intermediate,120,,,FALSE
-158.1134539,21.58442486,66-505 Haleiwa Road,Haleiwa,96712,808.637.8237,https://www.haleiwaelementary.com/,Oahu,Central,Malaea Frances Powell  Wetzel,35,808.637.8240,K,6,Waialua,Leilehua-Mililani-Waialua,0,206,Haleiwa Elem School,Elementary,225,16,6,TRUE
-156.0004608,20.77558264,4111 Hana Highway,Hana,96713,808.248.4815,http://www.hanak12school.org/,Maui,Maui,Christopher G  Sanita,36,808.248.4819,K,12,Hana,Hana-Lahainaluna-Lanai-Molokai,0,402,Hana High & Elem School,Elementary-Middle-High,382,33,7,TRUE
-159.5026527,22.20104177,5-5415 Kuhio Highway,Hanalei,96714,808.826.4300,http://www.hanalei.k12.hi.us/,Kauai,Kauai,James   Sines,37,808.826.4302,K,6,Kapaa,Kapaa-Kauai-Waimea,0,452,Hanalei Elem School,Elementary,218,15,3,TRUE
-157.907717,21.60577101,54-046 Kamehameha Highway,Hauula,96717,808.305.2100,https://www.hauulaelementary.com/,Oahu,Windward,Uilani K  Kaitoku,38,808.293.8927,K,6,Kahuku,Castle-Kahuku,0,303,Hauula Elem School,Elementary,359,30,4.5,TRUE
-158.0071871,21.38809839,94-450 Mokuola Street,Waipahu,96797,808.676.5444,https://hi.myhta.org,Oahu,Leeward,Stacey Bobo,39,808.676.5470,K,12,Waipahu,Pearl City-Waipahu,1,551,Hawaii Technology Academy-PCS,Elementary-Middle-High,1363,,,FALSE
-157.809106,21.41920544,46-202 Haiku Road,Kaneohe,96744,808.233.5677,http://heeiahawks.weebly.com/,Oahu,Windward,Alma M  Souki,40,808.233.5679,K,6,Castle,Castle-Kahuku,0,304,Heeia Elem School,Elementary,373,34,5,TRUE
-158.0231784,21.51354451,1001 Ihi Ihi Avenue,Wahiawa,96786,808.622.6336,https://www.helemano.k12.hi.us/,Oahu,Central,Ernest C  Muh,41,808.622.6368,K,5,Leilehua,Leilehua-Mililani-Waialua,0,208,Helemano Elem School,Elementary,469,42,5,TRUE
-154.9313428,19.50907412,15-1397 Homestead Road,Pahoa,96778,808.965.3730,http://www.haaspcs.org/,Hawaii,Hawaii,Steve Hirakami,42,808.965.3733,K,12,Pahoa,Kau-Keaau-Pahoa,1,561,HI Academy of Arts & Sci - PCS,Elementary-Middle-High,706,,,FALSE
-157.8158031,21.27274585,3440 Leahi Avenue,Honolulu,96815,808.733.4999,http://www.hsdb.k12.hi.us/,Oahu,Honolulu,Christine Kinau  Gardner,43,808.733.4824,K,12,Kalani,Farrington-Kaiser-Kalani,0,470,HI School for the Deaf & Blind,Elementary-Middle-High,46,18,3,TRUE
-157.9623293,21.34245997,Manzelman Circle,Honolulu,96818,808.421.4148,http://www.hickam.k12.hi.us/,Oahu,Central,Alisa Ann Estrella  Bender,44,808.421.4157,K,6,Radford,Aiea-Moanalua-Radford,0,209,Hickam Elem School,Elementary,456,38,4.5,TRUE
-157.962718,21.401347,1460 Hoolaulea Street,Pearl City,96782,808.453.6480,http://www.highlands.k12.hi.us/,Oahu,Leeward,Amy E  Martinson,45,808.453.6484,7,8,Pearl City,Pearl City-Waipahu,0,255,Highlands Inter School,Middle,755,57,10,TRUE
-155.095708,19.7211875,556 Waianuenue Avenue,Hilo,96720,808.974.4021,http://www.hilohs.k12.hi.us,Hawaii,Hawaii,Jasmine Shizue  Urasaki,46,808.974.4036,9,12,Hilo,Hilo-Waiakea,0,355,Hilo High School,High,1322,82,14,TRUE
-155.0946555,19.72173614,587 Waianuenue Avenue,Hilo,96720,808.974.4955,https://www.hilointermediate.com/,Hawaii,Hawaii,Heather Leigh  Dansdill,47,808.974.6184,7,8,Hilo,Hilo-Waiakea,0,356,Hilo Inter School,Middle,523,40,7,TRUE
-155.0945308,19.7219124,506 Waianuenue Avenue,Hilo,96720,808.933.0900,https://www.hilounionschool.org/,Hawaii,Hawaii,Bryan Kekoa  Arbles,48,808.933.0905,K,6,Hilo,Hilo-Waiakea,0,357,Hilo Union Elem School,Elementary,400,38,4,TRUE
-157.812668,21.29169301,2940 Kamakini Street,Honolulu,96816,808.733.4789,http://www.hokulani-elementary.com/,Oahu,Honolulu,Laurie L Q  Luczak,49,808.733.4792,K,5,Kaimuki,Kaimuki-McKinley-Roosevelt,0,109,Hokulani Elem School,Elementary,271,23,2,TRUE
-158.020026,21.33933202,91-1561 Keaunui Drive,Ewa Beach,96706,808.685.9100,http://holomua.hidoe.us,Oahu,Leeward,Gary Tsutomu  Yasui,50,808.685.9191,K,6,Campbell,Campbell-Kapolei,0,280,Holomua Elem School,Elementary,1080,79,8,TRUE
-155.949151,19.61713691,76-5957 Mamalahoa Highway,Holualoa,96725,808.322.4800,http://holualoahawks.org/wp/,Hawaii,Hawaii,Jeffrey M  Takiue,51,808.322.4801,K,5,Kealakehe,Honokaa-Kealakehe-Kohala-Konawaena,0,358,Holualoa Elem School,Elementary,442,31,4,TRUE
-155.8796908,19.45072998,83-5360 Mamalahoa Highway,Captain Cook,96704,808.328.2727,http://honaunauelementaryschool.weebly.com,Hawaii,Hawaii,Noreen Hatsuko  Kunitomo,52,808.328.2729,K,5,Konawaena,Honokaa-Kealakehe-Kohala-Konawaena,0,359,Honaunau Elem School,Elementary,139,13,1.5,TRUE
-155.4640987,20.07550514,45-534 Pakalana Street,Honokaa,96727,808.775.8820,http://www.honokaael.k12.hi.us/,Hawaii,Hawaii,Rory John  Souza,53,808.775.8828,K,6,Honokaa,Honokaa-Kealakehe-Kohala-Konawaena,0,361,Honokaa Elem School,Elementary,397,23,4,TRUE
-155.4640415,20.07549382,45-527 Pakalana Street,Honokaa,96727,808.775.8800,http://www.honokaa.k12.hi.us/,Hawaii,Hawaii,Rachelle   Matsumura,54,808.775.8803,7,12,Honokaa,Honokaa-Kealakehe-Kohala-Konawaena,0,360,Honokaa High & Inter School,Intermediate,629,39,10,TRUE
-158.0480074,21.34595469,91-559 Maunakapu Street,Kapolei,96707,808.305.8281,https://www.honouliuli.k12.hi.us/,Oahu,Leeward,Todd Y  Fujimori,55,000.000.0000,6,8,Kapolei,Campbell-Kapolei,0,297,Honouliuli Middle School,Middle,445,,,TRUE
-158.0263589,21.38431422,94-600 Honowai Street,Waipahu,96797,808.307.7100,http://honowai.org/,Oahu,Leeward,Kent R  Matsumura,56,808.675.0167,K,6,Waipahu,Pearl City-Waipahu,0,276,Honowai Elem School,Elementary,626,44,9,TRUE
-158.0731565,21.32716175,511 Kunehi Street,Kapolei,96707,808.305.8500,http://hookele.hidoe.us/,Oahu,Leeward,Laureen Michiko  Dunn,57,,K,5,Kapolei,Campbell-Kapolei,0,293,Hookele Elem School,Elementary,779,53,7,TRUE
-155.8780591,19.38684827,86-4355 Mamalahoa Highway,Captain Cook,96704,808.328.2710,http://hookenael.k12.hi.us/,Hawaii,Hawaii,Tammy L  Yoshimura-Furrer,58,808.328.2712,K,5,Konawaena,Honokaa-Kealakehe-Kohala-Konawaena,0,363,Hookena Elem School,Elementary,123,7,2,TRUE
-156.5012389,20.88493992,260 South Market Street,Wailuku,96793,808.984.5610,https://www.iaoschool.org/,Maui,Maui,Matthew Joseph Ernest  Dillon,59,808.984.5617,6,8,Baldwin,Baldwin-Kekaulike-Maui,0,404,Iao Inter School,Middle,818,68,11,TRUE
-157.9996177,21.50655216,2035 California Avenue,Wahiawa,96786,808.622.6411,https://www.iliahiel.k12.hi.us/,Oahu,Central,Garett Y  Yukumoto,60,808.622.6413,K,5,Leilehua,Leilehua-Mililani-Waialua,0,210,Iliahi Elem School,Elementary,330,27,6,TRUE
-158.009712,21.31576198,91-884 Fort Weaver Road,Ewa Beach,96706,808.689.1250,http://ilimaintermediate.com/,Oahu,Leeward,Christopher D  Bonilla,61,808.689.1258,7,8,Campbell,Campbell-Kapolei,0,279,Ilima Inter School,Middle,647,50,8,TRUE
-155.9765039,19.63180235,75-5815 Queen Kaahumanu Highway,Kailua-Kona,96740,808.331.3130,http://www.ipcs.info/,Hawaii,Hawaii,Jennifer Hiro,62,808.327.6209,1,8,Kealakehe,Honokaa-Kealakehe-Kohala-Konawaena,1,548,Innovations - PCS,Elementary-Middle,241,,,FALSE
-158.0629143,21.49519414,1 Ayres Avenue,Wahiawa,96786,808.305.3400,https://www.dkies.org,Oahu,Central,Yuuko L I  Arikawa,63,808.622.6382,K,5,Leilehua,Leilehua-Mililani-Waialua,0,207,Inouye Elem School,Elementary,542,53,8,TRUE
-157.9815161,21.31898744,5553 Cormorant Avenue,Ewa Beach,96706,808.499.6500,http://iroquois.k12.hi.us/,Oahu,Leeward,Ofelia Acosta  Reed,64,808.499.6508,K,6,Campbell,Campbell-Kapolei,0,256,Iroquois Point Elem School,Elementary,672,46,6,TRUE
-157.797104,21.29731501,1903 Palolo Avenue,Honolulu,96816,808.733.4888,http://www.jmshi.org,Oahu,Honolulu,Reid Masaichi  Kuba,65,808.733.4894,6,8,Kaimuki,Kaimuki-McKinley-Roosevelt,0,110,Jarrett Middle School,Middle,266,22,6,TRUE
-157.8185116,21.27245705,324 Kapahulu Avenue,Honolulu,96815,808.971.6922,http://jeffersonsurfers.k12.hi.us/,Oahu,Honolulu,Garret S  Zakahi,66,808.971.6933,K,5,Kaimuki,Kaimuki-McKinley-Roosevelt,0,111,Jefferson Elem School,Elementary,357,25,3,TRUE
-155.0457964,19.72851843,222 Desha Avenue,Hilo,96720,808.933.3482,http://kaumeke.org/,Hawaii,Hawaii,Michelle Nohea Nahale-a,67,808.933.3488,PreK,11,Waiakea,Hilo-Waiakea,1,562,Ka Umeke Kaeo - PCS,Elementary-Middle,240,,,FALSE
-158.144481,21.38052451,89-195 Farrington Highway,Wai'anae,96792,808.620.9030,http://www.kawaihonapcs.org/,Oahu,Leeward,Kalehua Krug,68,808.620.9036,K,8,Nanakuli,Nanakuli-Waianae,1,545,Ka Waihona O Ka Naauao - PCS,Elementary-Middle,632,,,FALSE
-157.8465263,21.54759323,51-296 Kamehameha Highway,Kaaawa,96730,808.237.7751,https://www.kaaawaschool.k12.hi.us/,Oahu,Windward,Jennifer L  Luke Payne,69,808.237.7755,K,6,Kahuku,Castle-Kahuku,0,305,Kaaawa Elem School,Elementary,115,10,3,TRUE
-157.8435035,21.30269464,1141 Kinau Street,Honolulu,96814,808.587.4414,http://www.qkes.us/,Oahu,Honolulu,Cindy Chong Hye  Yun-Kim,70,808.587.4415,K,5,McKinley,Kaimuki-McKinley-Roosevelt,0,112,Kaahumanu Elem School,Elementary,415,40,5,TRUE
-158.036875,21.49417301,130 California Avenue,Wahiawa,96786,808.622.6366,http://www.kaala.k12.hi.us/,Oahu,Central,Samuel E  Bennett,71,808.622.6368,K,5,Leilehua,Leilehua-Mililani-Waialua,0,211,Kaala Elem School,Elementary,411,34,4,TRUE
-157.7410738,21.38142644,530 Keolu Drive,Kailua,96734,808.266.7811,http://www.kaelepululadybugs.k12.hi.us/,Oahu,Windward,Cherilyn M  Inouye,72,808.266.7813,K,6,Kailua,Kailua-Kalaheo,0,330,Kaelepulu Elem School,Elementary,188,13,3,TRUE
-157.868939,21.34489899,1929 Kamehameha IV Road,Honolulu,96819,808.832.3500,http://www.kaewaielementary.com/,Oahu,Honolulu,Bert Chris  Carter,73,808.832.3509,K,5,Farrington,Farrington-Kaiser-Kalani,0,113,Kaewai Elem School,Elementary,274,23,4,TRUE
-155.9765014,19.6108525,76-147 Royal Poinciana Drive,Kailua-Kona,96740,808.313.6200,http://kahakai.me/,Hawaii,Hawaii,James Alvin  Denight,74,808.327.4333,K,5,Konawaena,Honokaa-Kealakehe-Kohala-Konawaena,0,371,Kahakai Elem School,Elementary,648,49,6,TRUE
-157.7852212,21.27398838,4559 Kilauea Avenue,Honolulu,96816,808.733.8455,http://kahalaelementary.org,Oahu,Honolulu,Christine Kinau  Gardner,75,808.733.4669,K,5,Kalani,Farrington-Kaiser-Kalani,0,114,Kahala Elem School,Elementary,339,25,6,TRUE
-157.8453519,21.45774585,47-280 Waihee Road,Kaneohe,96744,808.239.3101,http://www.kahaluuelementary.com/,Oahu,Windward,Walter Kaluhiokalani  Santiago,76,808.239.3102,K,6,Castle,Castle-Kahuku,0,306,Kahaluu Elem School,Elementary,254,25,3,TRUE
-157.9517397,21.6745097,56-170 Pualalea Street,Kahuku,96731,808.293.8980,http://www.kahukuelementary.com/,Oahu,Windward,Zahid Abdul  Qureshi,77,808.293.8985,K,6,Kahuku,Castle-Kahuku,0,331,Kahuku Elem School,Elementary,330,30,4,TRUE
-157.947321,21.67635305,56-490 Kamehameha Highway,Kahuku,96731,808.293.8950,http://www.kahukuhigh.org/,Oahu,Windward,Donna Rea P  Lindsey,78,808.293.8960,7,12,Kahuku,Castle-Kahuku,0,307,Kahuku High & Inter School,Intermediate,1353,96,15,TRUE
-156.4694794,20.878814,410 South Hina Avenue,Kahului,96732,808.727.4700,http://kahuluischool.k12.hi.us/,Maui,Maui,Suzanne Joy  Forbes,79,808.873.3089,K,5,Maui,Baldwin-Kekaulike-Maui,0,405,Kahului Elem School,Elementary,835,68,7,TRUE
-157.7411366,21.39596598,315 Kuulei Road,Kailua,96734,808.266.7878,http://kailuaonline.net,Oahu,Windward,Allyson Marie  Doherty,80,808.266.7882,K,6,Kalaheo,Kailua-Kalaheo,0,308,Kailua Elem School,Elementary,309,27,4,TRUE
-157.7483072,21.38391918,451 Ulumanu Drive,Kailua,96734,808.266.7900,http://kailuahs.wix.com/kailuahigh,Oahu,Windward,Stacey S  Oshio,81,808.266.7915,9,12,Kailua,Kailua-Kalaheo,0,309,Kailua High School,High,796,49,13,TRUE
-157.7370334,21.39561537,145 South Kainalu Drive,Kailua,96734,808.263.1500,https://www.kis.k12.hi.us/,Oahu,Windward,Jill Marie  La Boy,82,808.266.7984,7,8,Kalaheo,Kailua-Kalaheo,0,310,Kailua Inter School,Middle,739,52,8,TRUE
-158.0085047,21.31965802,91-1028 Kaunolu Street,Ewa Beach,96706,808.689.1280,http://www.kaimiloa.k12.hi.us/,Oahu,Leeward,Angela Kapualilia  Pia,83,808.689.1284,K,6,Campbell,Campbell-Kapolei,0,281,Kaimiloa Elem School,Elementary,665,46,6,TRUE
-157.817625,21.28582099,2705 Kaimuki Avenue,Honolulu,96816,808.733.4900,http://www.kaimukihs.org/,Oahu,Honolulu,Jamie M  Dela Cruz,84,808.733.4929,9,12,Kaimuki,Kaimuki-McKinley-Roosevelt,0,115,Kaimuki High School,High,645,51,15,TRUE
-157.79579,21.26956001,631 18th Avenue,Honolulu,96816,808.733.4800,http://www.kaimukimiddle.org/,Oahu,Honolulu,Frank K  Fernandes,85,808.733.4810,6,8,Kalani,Farrington-Kaiser-Kalani,0,116,Kaimuki Middle School,Middle,960,57,12,TRUE
-157.7481026,21.41397153,165 Kaiholu Street,Kailua,96734,808.266.7835,https://www.kainalu.org/,Oahu,Windward,Kimberly Ann  Anthony-Maeda,86,808.266.7837,K,6,Kalaheo,Kailua-Kalaheo,0,311,Kainalu Elem School,Elementary,489,31,3,TRUE
-157.695882,21.28400702,511 Lunalilo Home Road,Honolulu,96825,808.394.1200,http://www.kaiserhighschoolhawaii.org,Oahu,Honolulu,Justin Sung Nam   Mew,87,808.394.1201,9,12,Kaiser,Farrington-Kaiser-Kalani,0,154,Kaiser High School,High,1185,66,14,TRUE
-157.8671695,21.32172084,783 North King Street,Honolulu,96817,808.832.3160,http://www.kaiulani.k12.hi.us/,Oahu,Honolulu,Jill Hollie Hanson  Texeira,88,808.832.3164,K,5,McKinley,Kaimuki-McKinley-Roosevelt,0,117,Kaiulani Elem School,Elementary,283,24,5,TRUE
-159.5219605,21.92288518,4400 Maka Road,Kalaheo,96741,808.332.6801,http://www.kalaheoschool.com/,Kauai,Kauai,Erik Dennis  Burkman,89,808.332.6804,K,5,Waimea,Kapaa-Kauai-Waimea,0,453,Kalaheo Elem School,Elementary,392,27,5.5,TRUE
-157.7571634,21.40847623,730 Iliaina Street,Kailua,96734,808.254.7900,http://www.kalaheohigh.org/,Oahu,Windward,James Salem  Rippard,90,808.254.7907,9,12,Kalaheo,Kailua-Kalaheo,0,312,Kalaheo High School,High,807,50,12,TRUE
-157.8776093,21.32888176,821 Kalihi Street,Honolulu,96819,808.832.3130,http://www.kalakauamiddle.org/,Oahu,Honolulu,Lorelei Ann  Aiwohi,91,808.832.3140,6,8,Farrington,Farrington-Kaiser-Kalani,0,118,Kalakaua Middle School,Middle,978,62,14,TRUE
-156.3212104,20.84961602,120 Makani Road,Makawao,96768,808.573.8735,http://kalamaintermediate.com/,Maui,Maui,Joy Sarrell  Au,92,808.573.8748,6,8,Kekaulike,Baldwin-Kekaulike-Maui,0,420,Kalama Inter School,Middle,831,67,9,TRUE
-157.773829,21.27868401,4680 Kalanianaole Highway,Honolulu,96821,808.305.0500,http://www.kalanihighschool.org/,Oahu,Honolulu,Mitchell H  Otani,93,808.377.2483,9,12,Kalani,Farrington-Kaiser-Kalani,0,119,Kalani High School,High,1435,83,17,TRUE
-155.0931558,19.77913021,27-330 Old Mamalahoa Highway,Papaikou,96781,808.964.9700,http://kalanianaole-school.weebly.com/,Hawaii,Hawaii,David Lawrence  Dinkel,94,808.964.9703,K,8,Hilo,Hilo-Waiakea,0,365,Kalanianaole Elem & Inter,Elementary-Middle,274,25,5,TRUE
-158.0269687,21.39184142,94-665 Kaaholo Street,Waipahu,96797,808.675.0266,http://www.kaleiopuues.k12.hi.us/,Oahu,Leeward,Alika T  Ahu,95,808.675.0269,K,6,Waipahu,Pearl City-Waipahu,0,287,Kaleiopuu Elem School,Elementary,840,54,9,TRUE
-157.860936,21.35285798,2471 Kula Kolea Drive,Honolulu,96819,808.832.3177,http://kalihi.k12.hi.us/,Oahu,Honolulu,William George II Grindell,96,808.832.3179,K,5,Farrington,Farrington-Kaiser-Kalani,0,120,Kalihi Elem School,Elementary,182,22,3.5,TRUE
-157.878646,21.32727201,626 McNeil Street,Honolulu,96817,808.832.3322,http://kalihikai.org/,Oahu,Honolulu,Marc Chun  Kawahara,97,808.832.3327,K,5,Farrington,Farrington-Kaiser-Kalani,0,121,Kalihi-Kai Elem School,Elementary,527,44,6,TRUE
-157.8620977,21.34559527,2411 Kalihi Street,Honolulu,96819,808.305.6200,https://www.ukaeagles.k12.hi.us/,Oahu,Honolulu,Derek Kiyoji  Santos,98,808.832.3313,K,5,Farrington,Farrington-Kaiser-Kalani,0,122,Kalihi-Uka Elem School,Elementary,244,17,3,TRUE
-157.8756303,21.33557743,1240 Gulick Avenue,Honolulu,96819,808.832.3210,http://www.kwes.k12.hi.us/,Oahu,Honolulu,Daniel Oliver  Larkin,99,808.832.3213,K,5,Farrington,Farrington-Kaiser-Kalani,0,123,Kalihi-Waena Elem School,Elementary,482,36,4,TRUE
-158.195061,21.45646593,85-180 Ala Akau Street,Waianae,96792,808.697.7110,http://www.kamaile-academy.org/,Oahu,Leeward,Paul Kepka,100,808.697.7115,PreK,12,Waianae,Nanakuli-Waianae,1,275,Kamaile Academy - PCS,Elementary-Middle-High,919,,,FALSE
-159.3877205,21.96765219,4431 Nuhou St.,Lihue,96766,808.241.3200,http://www.ckms.k12.hi.us,Kauai,Kauai,Jean   Morris,101,808.241.3210,6,8,Kauai,Kapaa-Kauai-Waimea,0,448,Kamakahelei Middle School,Middle,829,60,8,TRUE
-158.0159357,21.50303239,1403-A California Avenue,Wahiawa,96786,808.203.2993,http://www.kamalaniacademy.org,Oahu,Central,Amanda Langston,102,000.000.0000,K,8,Leilehua,Leilehua-Mililani-Waialua,1,553,Kamalani Academy PCS,Elementary-Middle,166,,,FALSE
-156.4409772,20.72230337,180 Kealii Alanui,Kihei,96753,808.875.6840,https://kamaliischool.org/,Maui,Maui,Cynthia Lee  Rothdeutsch,103,808.875.6843,K,5,Maui,Baldwin-Kekaulike-Maui,0,431,Kamalii Elem School,Elementary,403,34,4,TRUE
-156.6769144,20.87133453,611 Front Street,Lahaina,96761,808.662.3955,https://sites.google.com/a/lahaina.k12.hi.us/kkiii/,Maui,Maui,Steven Dale  Franz,104,808.662.3958,K,5,Lahainaluna,Hana-Lahainaluna-Lanai-Molokai,0,406,Kamehameha III Elem School,Elementary,638,48,5,TRUE
-157.684699,21.294719,7788 Hawaii Kai Drive,Honolulu,96825,808.397.5800,http://www.kamiloikielementary.org/,Oahu,Honolulu,Jason Kiyotaka  Yoshimoto,105,808.397.5806,K,5,Kaiser,Farrington-Kaiser-Kalani,0,155,Kamiloiki Elem School,Elementary,377,26,4,TRUE
-157.79565,21.395997,45-495 Kamehameha Highway,Kaneohe,96744,808.233.5633,http://www.kaneohe.hidoe.us,Oahu,Windward,Derek Kiyoshi  Minakami,106,808.233.9185,K,6,Castle,Castle-Kahuku,0,313,Kaneohe Elem School,Elementary,580,41,6,TRUE
-157.9989661,21.41580369,94-1091 Oli Loop,Waipahu,96797,808.307.3800,https://www.kanoelani.org/,Oahu,Leeward,Stacie S G  Kunihisa,107,808.675.0135,K,6,Pearl City,Pearl City-Waipahu,0,283,Kanoelani Elem School,Elementary,756,50,8,TRUE
-155.6560768,20.01617299,64-1043 Hi'iaka St.,Kamuela,96743,808.887.1117,http://www.kalo.org/,Hawaii,Hawaii,Allyson Tamura,108,808.887.0030,K,12,Honokaa,Honokaa-Kealakehe-Kohala-Konawaena,1,397,Kanu O Ka Aina - PCS,Elementary-Middle-High,519,,,FALSE
-159.3014819,22.13974352,4333 Kukuihale Road,Anahola,96703,808.823.9160,http://kanuikapono.org/,Kauai,Kauai,Kanoe Ahuna,109,808.823.9140,K,12,Kapaa,Kapaa-Kauai-Waimea,1,564,Kanuikapono - PCS,Elementary-Middle-High,226,,,FALSE
-157.7259163,21.39299309,140 Alala Road,Kailua,96734,808.266.7844,http://kaohaoschool.org/,Oahu,Windward,Winston Sakurai,110,808.266.7848,K,6,Kalaheo,Kailua-Kalaheo,1,320,Kaohao Public Charter School,Elementary,323,,,FALSE
-159.3138931,22.08898614,4886 Kawaihau Road,Kapaa,96746,808.821.4424,http://www.kapaaes.k12.hi.us/,Kauai,Kauai,Jason W  Kuloloia,111,808.821.4431,K,5,Kapaa,Kapaa-Kauai-Waimea,0,454,Kapaa Elem School,Elementary,855,62,7,TRUE
-159.3131009,22.09187257,4695 Mailihuna Road,Kapaa,96746,808.821.4400,http://kapaahighschool.net/,Kauai,Kauai,Thomas John  Cox,112,808.821.4420,9,12,Kapaa,Kapaa-Kauai-Waimea,0,455,Kapaa High School,High,1011,66,13,TRUE
-159.327746,22.07930546,4867 Olohena Road,Kapaa,96746,808.821.4460,http://www.kapaamiddleschool.org/,Kauai,Kauai,Nathan Earl  Aiwohi,113,808.821.6967,6,8,Kapaa,Kapaa-Kauai-Waimea,0,447,Kapaa Middle School,Middle,597,29,8,TRUE
-157.8687059,21.33507146,1601 North School Street,Honolulu,96817,808.832.3290,https://sites.google.com/site/kapalamaweb1,Oahu,Honolulu,Patricia M  Dang,114,808.832.3302,K,5,Farrington,Farrington-Kaiser-Kalani,0,124,Kapalama Elem School,Elementary,523,39,6,TRUE
-155.0775481,19.71390229,966 Kilauea Avenue,Hilo,96720,808.974.4160,http://cks.k12.hi.us/,Hawaii,Hawaii,Gregg K  Yonemori,115,808.974.4161,K,6,Hilo,Hilo-Waiakea,0,367,Kapiolani Elem School,Elementary,387,24,4,TRUE
-158.0910823,21.31891844,2140 Lauwiliwili Street,Kapolei,96707,808.690.9909,http://www.kcshawaii.org,Oahu,Leeward,Wanda Villareal,116,000.000.0000,9,11,Campbell,Campbell-Kapolei,1,555,Kapolei Charter School PCS,High,161,,,FALSE
-158.0651452,21.33467193,91-1119 Kamaaha Loop,Kapolei,96707,808.693.7000,http://www.kapoleielementary.org/,Oahu,Leeward,Cindy S  Otsu,117,808.693.7011,K,5,Kapolei,Campbell-Kapolei,0,282,Kapolei Elem School,Elementary,717,55,6,TRUE
-158.0678451,21.32972837,91-5007 Kapolei Parkway,Kapolei,96707,808.305.8000,http://www.kapoleihigh.org/,Oahu,Leeward,Wesley Hiromi  Shinkawa,118,808.692.8255,9,12,Kapolei,Campbell-Kapolei,0,292,Kapolei High School,High,2032,112,25,TRUE
-158.056801,21.33265801,91-5335 Kapolei Parkway,Kapolei,96707,808.693.7025,http://www.kapoleimid.k12.hi.us/,Oahu,Leeward,Richard Dasalla  Fajardo,119,808.693.7030,6,8,Kapolei,Campbell-Kapolei,0,291,Kapolei Middle School,Middle,943,93,10,TRUE
-157.8036958,21.40879993,45-828 Anoi Road,Kaneohe,96744,808.233.5650,http://www.kapunahala.k12.hi.us/,Oahu,Windward,Samuel Koji  Izumi,120,808.233.5651,K,6,Castle,Castle-Kahuku,0,315,Kapunahala Elem School,Elementary,473,38,6,TRUE
-155.477289,19.20216259,96-3150 Pikake Street,Pahala,96777,808.313.4100,https://khpes.org/,Hawaii,Hawaii,Sharon Ann  Beck,121,808.928.2092,K,12,Kau,Kau-Keaau-Pahoa,0,368,Kau High & Pahala Elem School,Elementary-Middle-High,551,37,10,TRUE
-159.3585827,21.95966771,3577 Lala Road,Lihue,96766,808.274.3160,http://www.kauaihigh.org/,Kauai,Kauai,Marlene Visitacion  Leary,122,808.274.3170,9,12,Kauai,Kapaa-Kauai-Waimea,0,456,Kauai High School,High,1120,68,12,TRUE
-157.859608,21.31962399,1486 Aala Street,Honolulu,96817,808.587.4447,http://kauluwela.k12.hi.us/HOME.NSF,Oahu,Honolulu,Ned Shinroku  Uemae,123,808.587.4453,K,5,McKinley,Kaimuki-McKinley-Roosevelt,0,125,Kauluwela Elem School,Elementary,457,30,4,TRUE
-155.1346021,19.68607802,1710 Kaumana Drive,Hilo,96720,808.974.4190,https://www.kaumanaelementary.org,Hawaii,Hawaii,Ray Koji   Mizuba,124,808.974.4197,K,6,Hilo,Hilo-Waiakea,0,369,Kaumana Elem School,Elementary,233,19,3,TRUE
-159.3512038,21.99491929,4380 Hanamaulu Road,Lihue,96766,808.241.3150,http://www.kaumualii.k12.hi.us/king.html,Kauai,Kauai,Jason Yoshito  Yoshida,125,808.241.3159,K,5,Kauai,Kapaa-Kauai-Waimea,0,457,Kaumualii Elem School,Elementary,534,43,5,TRUE
-157.0183333,21.08863608,30 Ailoa,Kaunakakai,96748,808.553.1730,https://sites.google.com/kaunakakaischool.com/kaunakakai,Molokai,Maui,Daniel V  Espaniola,126,808.553.1737,K,6,Molokai,Hana-Lahainaluna-Lanai-Molokai,0,407,Kaunakakai Elem School,Elementary,253,17,3,TRUE
-159.3978812,21.96609917,3-1821 J Kaumualii Hwy,Lihue,96766,808.632.2032,http://www.kawaikini.com,Kauai,Kauai,Jessell Tanaka,127,808.246.4835,K,12,Kauai,Kapaa-Kauai-Waimea,1,565,Kawaikini NCPCS,Elementary-Middle-High,155,,,FALSE
-157.852285,21.31890302,49 Funchal Street,Honolulu,96813,808.307.0300,http://www.kawananakoams.org/,Oahu,Honolulu,Veronica Helen  Victor,128,808.587.4443,6,8,Roosevelt,Kaimuki-McKinley-Roosevelt,0,126,Kawananakoa Middle School,Middle,606,43,10,TRUE
-155.0436216,19.72766129,162 Baker Avenue,Hilo,96720,808.961.6228,http://www.kalpcs.com/,Hawaii,Hawaii,Mapuana Waipa,129,808.961.6229,7,12,Waiakea,Hilo-Waiakea,1,549,Ke Ana Laahana-PCS,Intermediate,41,,,FALSE
-157.8217173,21.40897356,46-500 Kuneki Street,Kaneohe,96744,808.235.9175,http://www.kamakau.com,Oahu,Windward,Meahilahila Kelling,130,808.235.9173,PreK,12,Castle,Castle-Kahuku,1,547,Ke Kula 'o Samuel M. Kamakau,Elementary-Middle-High,125,,,FALSE
-159.715684,21.9725232,8135 Kekaha Road,Kekaha,96752,808.337.0481,http://www.hawaiicharterschools.com/school/ke-kula-niihau-kekaha-pcs,Kauai,Kauai,Tia Koerte,131,808.337.1289,PreK,12,Waimea,Kapaa-Kauai-Waimea,1,556,Ke Kula Niihau O Kekaha-LPCS,Elementary-Middle-High,55,,,FALSE
-155.9172505,19.50902889,81-1041 Konawaena School Road,Kealakekua,96750,808.323.1900,http://ehunui.org/,Hawaii,Hawaii,Andrea Keli'ikanoe  Mahi,132,808.323.4538,K,12,Konawaena,Honokaa-Kealakehe-Kohala-Konawaena,0,378,Ke Kula O Ehunuikaimalino,Elementary-Middle-High,267,18,4,TRUE
-155.0280985,19.60481124,16-120 Opukahaia Street  Suite 2,Keaau,96749,808.982.4260,http://nawahi.org/,Hawaii,Hawaii,Kauanoe Kamana,133,808.966.7821,PreK,8,Keaau,Kau-Keaau-Pahoa,1,563,Ke Kula O Nawahiokalani Iki,Elementary-Middle,464,,,FALSE
-155.0345219,19.61318199,16-680 Keaau-Pahoa Road,Keaau,96749,808.313.4600,http://www.keaau.k12.hi.us/,Hawaii,Hawaii,Janice Maria  Blaber,134,808.982.4217,K,5,Keaau,Kau-Keaau-Pahoa,0,353,Keaau Elem School,Elementary,846,59,5,TRUE
-155.0317004,19.61082121,16-725 Keaau-Pahoa Road,Keaau,96749,808.313.3300,https://www.keaauhs.com/,Hawaii,Hawaii,Dean Macario  Cevallos,135,808.982.4224,9,12,Keaau,Kau-Keaau-Pahoa,0,354,Keaau High School,High,1093,69,13,TRUE
-155.0385306,19.62139236,16-565  Keaau-Pahoa Road,Keaau,96749,808.982.4200,http://www.keaaumiddle.org/,Hawaii,Hawaii,Elna M  Gomes,136,808.982.4219,6,8,Keaau,Kau-Keaau-Pahoa,0,370,Keaau Middle School,Middle,701,50,10,TRUE
-155.9822029,19.66894987,74-5118 Kealakaa Street,Kailua-Kona,96740,808.313.7900,http://kealakehe.k12.hi.us/,Hawaii,Hawaii,Nancy N  Matsukawa,137,808.327.4347,K,5,Kealakehe,Honokaa-Kealakehe-Kohala-Konawaena,0,388,Kealakehe Elem School,Elementary,801,68,9,TRUE
-155.9982965,19.6707427,74-5000 Puohulihuli Street,Kailua-Kona,96740,808.327.4300,http://www.khswaveriders.org/,Hawaii,Hawaii,Glenn Edward II Gray,138,808.327.4307,9,12,Kealakehe,Honokaa-Kealakehe-Kohala-Konawaena,0,392,Kealakehe High School,High,1357,83,15,TRUE
-155.984972,19.67116153,74-5062 Onipaa Street,Kailua-Kona,96740,808.327.4314,http://www.kishawks.org/,Hawaii,Hawaii,Mark D  Hackelberg,139,808.327.4315,6,8,Kealakehe,Honokaa-Kealakehe-Kohala-Konawaena,0,390,Kealakehe Inter School,Middle,694,51,6.5,TRUE
-155.0452871,19.72882531,240 Desha Avenue,Hilo,96720,808.974.4181,http://www.keaukahaelementary.com/,Hawaii,Hawaii,Stacey Lee M  Bello,140,808.974.4868,K,6,Hilo,Hilo-Waiakea,0,372,Keaukaha Elem School,Elementary,379,33,3,TRUE
-159.7154659,21.97229684,8140 Kekaha Road,Kekaha,96752,808.337.7655,https://www.kekahaschool.k12.hi.us/,Kauai,Kauai,Marilyn M  Asahi,141,808.337.7657,K,5,Waimea,Kapaa-Kauai-Waimea,0,458,Kekaha Elem School,Elementary,324,22,3,TRUE
-156.3301706,20.8272414,121 Kula Highway,Pukalani,96768,808.727.3500,https://www.kingkekaulike.com/,Maui,Maui,Amy   Strand,142,808.573.2231,9,12,Kekaulike,Baldwin-Kekaulike-Maui,0,435,Kekaulike High School,High,1167,74,13,TRUE
-157.73518,21.37184601,1416 Keolu Drive,Kailua,96734,808.266.7818,http://www.keoluelementary.com/,Oahu,Windward,Gay Marie  Kong,143,808.266.7892,K,6,Kailua,Kailua-Kalaheo,0,317,Keolu Elem School,Elementary,113,11,3,TRUE
-154.9291093,19.52609607,15-890 Kahakai Boulevard,Pahoa,96778,808.965.2131,http://keonepokoelementary.org,Hawaii,Hawaii,Kasey Michele  Eisenhour,144,808.965.2138,K,6,Pahoa,Kau-Keaau-Pahoa,0,391,Keonepoko Elem School,Elementary,565,47,5,TRUE
-158.0202388,21.32240007,91-970 Kaileolea Drive,Ewa Beach,96706,808.689.1380,http://keoneula.k12.hi.us/,Oahu,Leeward,Paul S  Taga,145,808.689.1350,K,6,Campbell,Campbell-Kapolei,0,294,Keoneula Elem School,Elementary,901,55,7,TRUE
-156.4515612,20.77444467,300 Ohukai Road  #209,Kihei,96753,808.875.0700,http://www.kiheicharter.org/,Maui,Maui,Michael  Stubbs,146,808.874.6745,K,12,Maui,Baldwin-Kekaulike-Maui,1,554,Kihei Charter School,Elementary-Middle-High,723,,,FALSE
-156.4470366,20.7486127,250 E. Lipoa Street,Kihei,96753,808.875.6818,http://www.kiheielementary.org/,Maui,Maui,Halle C  Maxwell,147,808.875.6825,K,5,Maui,Baldwin-Kekaulike-Maui,0,409,Kihei Elem School,Elementary,712,53,4,TRUE
-159.4094671,22.20512755,2440 Kolo Road,Kilauea,96754,808.828.1212,http://kilaueaschool.com/,Kauai,Kauai,Sherry Lynn Scott  Gonsalves,148,808.828.2034,K,6,Kapaa,Kapaa-Kauai-Waimea,0,459,Kilauea Elem School,Elementary,271,22,3,TRUE
-156.8292618,21.06229277,Kamehameha V Highway,Kaunakakai,96748,808.558.2200,https://www.kilohana.k12.hi.us/,Molokai,Maui,Marilyn P  Simms,149,808.558.2203,K,6,Molokai,Hana-Lahainaluna-Lanai-Molokai,0,410,Kilohana Elem School,Elementary,79,11,1,TRUE
-157.805652,21.428441,46-155 Kamehameha Highway,Kaneohe,96744,808.233.5727,http://www.king.k12.hi.us/,Oahu,Windward,Wendy Joy Namie  Matsuzaki,150,808.233.5747,7,8,Castle,Castle-Kahuku,0,318,King Inter School,Middle,525,43,8,TRUE
-158.011937,21.46084401,95-076 Kipapa Drive,Mililani,96789,808.627.7322,http://www.kipapaelementary.org/,Oahu,Central,Corinne Naomi  Yogi,151,808.627.7326,K,5,Mililani,Leilehua-Mililani-Waialua,0,212,Kipapa Elem School,Elementary,524,43,6,TRUE
-155.8189535,20.23703682,54-3609 Akoni Pule Highway,Kapaau,96755,808.889.7100,https://kohalaelementary.com/,Hawaii,Hawaii,Hannah M  Loyola,152,808.889.7103,K,5,Kohala,Honokaa-Kealakehe-Kohala-Konawaena,0,395,Kohala Elem School,Elementary,337,25,3,TRUE
-155.8181817,20.23682947,54-3611 Akoni Pule Highway,Kapaau,96755,808.889.7117,http://www.kohalahs.org/,Hawaii,Hawaii,Amy Jo  Stafford,153,808.889.7120,9,12,Kohala,Honokaa-Kealakehe-Kohala-Konawaena,0,373,Kohala High School,High,274,22,4,TRUE
-155.778474,20.22686689,53-4155 Akoni Pule Highway,Kapaau,96755,808.889.7119,http://www.kohalams.org/,Hawaii,Hawaii,Alan G  Brown,154,808.889.7121,6,8,Kohala,Honokaa-Kealakehe-Kohala-Konawaena,0,366,Kohala Middle School,Middle,157,14,4,TRUE
-157.7057678,21.27452583,189 Lunalilo Home Road,Honolulu,96825,808.397.5811,http://kokoheadschool.org/,Oahu,Honolulu,Jeffrey Takeshi  Shitaoka,155,808.397.5816,K,5,Kaiser,Farrington-Kaiser-Kalani,0,127,Koko Head Elem School,Elementary,339,20,3.5,TRUE
-159.4661194,21.89898641,3223 Poipu Road,Koloa,96756,808.742.8460,https://www.koloaes.k12.hi.us/,Kauai,Kauai,Leila A  Maeda-Kobayashi,156,808.742.8466,K,5,Kauai,Kapaa-Kauai-Waimea,0,460,Koloa Elem School,Elementary,345,22,3,TRUE
-155.9158386,19.51999449,79-7595 Mamamlahoa Highway,Kealakekua,96750,808.322.4900,http://www.kppcs.org,Hawaii,Hawaii,Darryl (Phil) Centers,157,808.322.4906,K,8,Konawaena,Honokaa-Kealakehe-Kohala-Konawaena,1,566,Kona Pacific PCS,Elementary-Middle,210,,,FALSE
-155.9231859,19.50484308,81-901 Onouli Road,Kealakekua,96750,808.323.4555,http://www.konawaenael.k12.hi.us/,Hawaii,Hawaii,Diane B  Spencer,158,808.323.4551,K,5,Konawaena,Honokaa-Kealakehe-Kohala-Konawaena,0,375,Konawaena Elem School,Elementary,534,35,3,TRUE
-155.9155233,19.50934727,81-1043 Konawaena School Road,Kealakekua,96750,808.323.4500,http://www.konawaenahs.org/,Hawaii,Hawaii,Shawn S  Suzuki,159,808.323.4515,9,12,Konawaena,Honokaa-Kealakehe-Kohala-Konawaena,0,374,Konawaena High School,High,923,54,7,TRUE
-155.9170355,19.50908137,81-1045 Konawaena School Road,Kealakekua,96750,808.323.4566,http://konawaenamiddle.k12.hi.us/,Hawaii,Hawaii,Teddy Lee  Burgess,160,808.323.4574,6,8,Konawaena,Honokaa-Kealakehe-Kohala-Konawaena,0,376,Konawaena Middle School,Middle,610,44,7,TRUE
-155.0542736,19.67282284,345 Makalika Street,Hilo,96720,808.981.5866,http://kuaokala.org/,Hawaii,Hawaii,Kapoula Thompson,161,808.933.0803,PreK,12,Pahoa,Kau-Keaau-Pahoa,1,557,Kua O Ka La - NCPCS,Elementary-Middle-High,148,,,FALSE
-157.0406397,21.1579089,260 Farrington Avenue,Kualapuu,96757,808.567.6900,http://kualapuuschool.weebly.com,Molokai,Maui,Lydia Trinidad,162,808.567.6906,PreK,6,Molokai,Hana-Lahainaluna-Lanai-Molokai,1,411,Kualapuu Elem School - PCS,Elementary,346,,,FALSE
-157.819777,21.28921499,2759 South King Street,Honolulu,96826,808.973.0085,http://www.kuhioschool.k12.hi.us,Oahu,Honolulu,Lynn M  Kobayashi,163,808.973.0088,K,5,Kaimuki,Kaimuki-McKinley-Roosevelt,0,128,Kuhio Elem School,Elementary,182,18,4,TRUE
-159.7111954,21.96908393,8315 Kekaha Road  Suite P,Kekaha,96752,808.337.2022,http://www.kanakapcs.org/,Kauai,Kauai,Hedy Sullivan,164,808.337.2033,K,12,Waimea,Kapaa-Kauai-Waimea,1,466,Kula Aupuni Niihau - PCS,Elementary-Middle-High,45,9,1.5,FALSE
-156.3288194,20.76122051,5000 Kula Highway,Kula,96790,808.876.7610,https://www.kulael.k12.hi.us/,Maui,Maui,Hans Christopher  Bachaus,165,808.876.7616,K,5,Kekaulike,Baldwin-Kekaulike-Maui,0,412,Kula Elem School,Elementary,393,27,4,TRUE
-156.6612286,20.88561203,871 Lahainaluna Road,Lahaina,96761,808.662.3965,http://lis.schoolwires.net/,Maui,Maui,Stacy Anne  Bookland,166,808.662.3968,6,8,Lahainaluna,Hana-Lahainaluna-Lanai-Molokai,0,413,Lahaina Inter School,Middle,658,47,9,TRUE
-156.6599506,20.88918002,980 Lahainaluna Road,Lahaina,96761,808.662.4000,http://www.lahainalunahs.org/,Maui,Maui,Lynn H  Kahoohalahala,167,808.662.3997,9,12,Lahainaluna,Hana-Lahainaluna-Lanai-Molokai,0,414,Lahainaluna High School,High,1050,68,12,TRUE
-157.925863,21.64916199,55-109 Kulanui Street,Laie,96762,808.293.8965,http://www.laie.k12.hi.us,Oahu,Windward,Eliza Leialoha  Kaka,168,808.293.8968,K,6,Kahuku,Castle-Kahuku,0,319,Laie Elem School,Elementary,622,38,5,TRUE
-156.9219269,20.82641806,555 Fraser Avenue,Lanai City,96763,808.565.7900,http://www.edline.net/pages/lhes,Lanai,Maui,Elton N  Kinoshita,169,808.565.7904,K,12,Lanai,Hana-Lahainaluna-Lanai-Molokai,0,415,Lanai High & Elem School,Elementary-Middle-High,574,44,9,TRUE
-157.86052,21.32663398,717 North Kuakini Street,Honolulu,96817,808.587.4466,http://lanakila.org/,Oahu,Honolulu,Kerry   Higa,170,808.587.4468,K,5,McKinley,Kaimuki-McKinley-Roosevelt,0,129,Lanakila Elem School,Elementary,348,25,4,TRUE
-155.2264957,19.98036999,35-2065 Old Mamalahoa Highway,Laupahoehoe,96764,808.962.2200,http://www.lcpcs.org/,Hawaii,Hawaii,Kurt Rix,171,808.962.2202,PreK,12,Laupahoehoe,Hilo-Waiakea,1,377,Laupahoehoe Community - PCS,Elementary-Middle-High,333,,,FALSE
-157.970894,21.38909898,791 Lehua Avenue,Pearl City,96782,808.307.3700,https://www.lehua.k12.hi.us/,Oahu,Leeward,Alvan Hide  Fukuhara,172,808.453.6497,K,6,Pearl City,Pearl City-Waipahu,0,268,Lehua Elem School,Elementary,233,23,4,TRUE
-158.173892,21.43869998,86-285 Leihoku Street,Waianae,96792,808.697.7100,http://les.nwcomplex.org/,Oahu,Leeward,Randall A K  Miura,173,808.697.7142,K,6,Waianae,Nanakuli-Waianae,0,271,Leihoku Elem School,Elementary,782,60,6,TRUE
-158.012538,21.50040999,1515 California Avenue,Wahiawa,96786,808.305.3000,http://www.leilehua.k12.hi.us/,Oahu,Central,Jason H  Nakamoto,174,808.622.6554,9,12,Leilehua,Leilehua-Mililani-Waialua,0,214,Leilehua High School,High,1591,110,21,TRUE
-156.4852258,20.88021558,335 South Papa Avenue,Kahului,96732,808.873.3033,https://www.lihikaielementary.k12.hi.us/,Maui,Maui,Shannon S M  Cabanilla,175,808.873.3570,K,5,Maui,Baldwin-Kekaulike-Maui,0,416,Lihikai Elem School,Elementary,758,52,6,TRUE
-157.806493,21.27903902,3430 Maunaloa Avenue,Honolulu,96816,808.733.4850,http://liholiho.org/,Oahu,Honolulu,Christina W  Small,176,808.733.4856,K,5,Kalani,Farrington-Kaiser-Kalani,0,130,Liholiho Elem School,Elementary,430,29,3,TRUE
-157.86417,21.32510701,1618 Palama Street,Honolulu,96817,808.832.3370,http://www.likelike.k12.hi.us,Oahu,Honolulu,Kelly T  Bart,177,808.832.3374,K,5,McKinley,Kaimuki-McKinley-Roosevelt,0,131,Likelike Elem School,Elementary,275,23,4,TRUE
-157.8778613,21.33874868,1434 Linapuni Street,Honolulu,96819,808.305.2150,http://linapuni.weebly.com/,Oahu,Honolulu,Tami Marie Catherine  Haili,178,808.832.3305,PreK,1,Farrington,Farrington-Kaiser-Kalani,0,133,Linapuni Elem School,Elementary,97,14,3,TRUE
-157.841051,21.31128802,615 Auwaiolimu Street,Honolulu,96813,808.587.4480,http://les.lincoln.k12.hi.us/,Oahu,Honolulu,Jacqueline Lehua  Ornellas,179,808.587.4487,K,5,Roosevelt,Kaimuki-McKinley-Roosevelt,0,134,Lincoln Elem School,Elementary,342,27,5,TRUE
-156.4493655,20.74821071,1401 Liloa Drive,Kihei,96753,808.727.3300,http://www.lokelani.k12.hi.us/,Maui,Maui,Francoise D M  Bell,180,808.875.6835,6,8,Maui,Baldwin-Kekaulike-Maui,0,430,Lokelani Inter School,Middle,454,36,7,TRUE
-157.833316,21.29185101,810 Pumehana Street,Honolulu,96826,808.973.0270,http://www.lunalilo.k12.hi.us/,Oahu,Honolulu,Amy B  Kantrowitz,181,808.973.0276,K,5,Kaimuki,Kaimuki-McKinley-Roosevelt,0,135,Lunalilo Elem School,Elementary,236,24,3,TRUE
-157.847784,21.32826799,319 Wyllie Street,Honolulu,96817,808.595.5400,http://www.maemaeschool.com/,Oahu,Honolulu,Lenn Shigeru  Uyeda,182,808.595.5405,K,6,Roosevelt,Kaimuki-McKinley-Roosevelt,0,136,Maemae Elem School,Elementary,658,41,6,TRUE
-158.172706,21.42008701,87-360 Kulaaupuni Street,Waianae,96792,808.697.7150,http://maili.nwcomplex.org/,Oahu,Leeward,Suzie   Lee,183,808.697.7151,K,6,Waianae,Nanakuli-Waianae,0,257,Maili Elem School,Elementary,671,57,8,TRUE
-158.2124648,21.46928345,84-200 Ala Naauao Place,Waianae,96792,808.695.7900,http://makaha.nwcomplex.org/,Oahu,Leeward,Wade R  Araki,184,808.695.7905,K,6,Waianae,Nanakuli-Waianae,0,258,Makaha Elem School,Elementary,456,46,7,TRUE
-158.0844552,21.34561505,92-675 Anipeahi Street,Kapolei,96707,808.672.1122,http://www.makakiloelementary.k12.hi.us/,Oahu,Leeward,Raechelle M K  Fabrao,185,808.672.1128,K,5,Kapolei,Campbell-Kapolei,0,259,Makakilo Elem School,Elementary,469,32,4,TRUE
-157.929047,21.36142001,4435 Salt Lake Blvd.,Honolulu,96818,808.421.4110,http://www.makalapael.org/,Oahu,Central,Denise K B   Arai,186,808.421.4112,K,6,Radford,Aiea-Moanalua-Radford,0,215,Makalapa Elem School,Elementary,577,41,5,TRUE
-156.3128247,20.85739505,3542 Baldwin Avenue,Makawao,96768,808.573.8770,http://www.makawao.k12.hi.us/,Maui,Maui,Richard C  Carosso,187,808.573.8774,K,5,Kekaulike,Baldwin-Kekaulike-Maui,0,417,Makawao Elem School,Elementary,522,38,6,TRUE
-157.702407,21.33933047,41-054 Ehukai Street,Waimanalo,96795,808.259.5522,http://www.malamahonuapcs.org/,Oahu,Windward,Denise Espania,188,808.259.5525,K,7,Kailua,Kailua-Kalaheo,1,550,Malama Honua - PCS,Elementary,173,,,FALSE
-157.971231,21.40874201,1147 Kumano Street,Pearl City,96782,808.307.5300,http://www.manana.k12.hi.us/Home.html,Oahu,Leeward,Bryan K  Loo,189,808.453.6437,K,6,Pearl City,Pearl City-Waipahu,0,260,Manana Elem School,Elementary,287,22,4,TRUE
-157.808782,21.314823,3155 Manoa Road,Honolulu,96822,808.988.1868,http://www.manoaschool.com/,Oahu,Honolulu,Ryan Kiyoshi  Kusuda,190,808.988.1860,K,5,Roosevelt,Kaimuki-McKinley-Roosevelt,0,137,Manoa Elem School,Elementary,493,33,5,TRUE
-156.4713292,20.87387354,660 South Lono Avenue,Kahului,96732,808.727.4000,http://www.mauihigh.org,Maui,Maui,Jamie L  Yap,191,808.873.3010,9,12,Maui,Baldwin-Kekaulike-Maui,0,418,Maui High School,High,2058,122,18,TRUE
-156.4852395,20.87471026,795 Onehee Street,Kahului,96732,808.873.3070,http://www.mauiwaena.com,Maui,Maui,Jacquelyn Royanne  McCandless,192,808.873.3066,6,8,Maui,Baldwin-Kekaulike-Maui,0,428,Maui Waena Inter School,Middle,1140,69,12,TRUE
-158.0828488,21.35798389,92-1300 Panana Street,Kapolei,96707,808.672.1100,http://www.maukalani.k12.hi.us/,Oahu,Leeward,Neil A  Battad,193,808.672.1114,K,5,Kapolei,Campbell-Kapolei,0,286,Mauka Lani Elem School,Elementary,592,42,7,TRUE
-157.1965052,21.14672311,Maunaloa Highway,Maunaloa,96770,808.552.2000,http://maunaloaschool.weebly.com,Molokai,Maui,Joe S Jr Yamamoto,194,808.552.2004,K,6,Molokai,Hana-Lahainaluna-Lanai-Molokai,0,419,Maunaloa Elem School,Elementary,46,5,1,TRUE
-157.7522032,21.37772822,1465 Ulupii Street,Kailua,96734,808.266.7822,https://www.maunawili.k12.hi.us/,Oahu,Windward,Nathan Akira  Anthony Maeda,195,808.266.7834,K,6,Kailua,Kailua-Kalaheo,0,321,Maunawili Elem School,Elementary,333,25,4,TRUE
-157.848548,21.29861801,1039 South King Street,Honolulu,96814,808.594.0400,http://www.mckinley.k12.hi.us/,Oahu,Honolulu,Ron M  Okamura,196,808.594.0407,9,12,McKinley,Kaimuki-McKinley-Roosevelt,0,138,McKinley High School,High,1573,93,17,TRUE
-158.0102216,21.45186355,95-1200 Meheula Parkway,Mililani,96789,808.307.4200,http://www.mililanihs.org/,Oahu,Central,Frederick W  Murphy,197,808.627.7375,9,12,Mililani,Leilehua-Mililani-Waialua,0,216,Mililani High School,High,2603,149,24,TRUE
-157.9849253,21.48012695,95-1330 Lehiwa Drive,Mililani,96789,808.626.2980,http://www.milike.k12.hi.us,Oahu,Central,Lynne Shigeko  Ajifu,198,808.626.2958,K,5,Mililani,Leilehua-Mililani-Waialua,0,240,Mililani Ike Elem School,Elementary,504,41,5,TRUE
-158.0013778,21.4714998,95-1111 Makaikai Street,Mililani,96789,808.626.3350,http://www.milmauka.k12.hi.us,Oahu,Central,Avis Y  Nanbu,199,808.626.3006,K,5,Mililani,Leilehua-Mililani-Waialua,0,241,Mililani Mauka Elem School,Elementary,691,50,6,TRUE
-157.9895561,21.47417044,95-1140 Lehiwa Drive,Mililani,96789,808.626.7355,http://www.milmdl.k12.hi.us/,Oahu,Central,Elynne Eiko   Chung,200,808.626.7358,6,8,Mililani,Leilehua-Mililani-Waialua,0,238,Mililani Middle School,Middle,1585,103,14,TRUE
-158.0154345,21.43791653,94-380 Kuahelani Avenue,Mililani,96789,808.305.4900,http://www.mililaniuka.org/,Oahu,Central,Steven E  Nakasato,201,808.627.7387,K,5,Mililani,Leilehua-Mililani-Waialua,0,242,Mililani Uka Elem School,Elementary,698,43,5,TRUE
-158.0098535,21.45538022,95-502 Kipapa Drive,Mililani,96789,808.627.7300,https://www.mililaniwaena.org/,Oahu,Central,Troy Tetsuo  Tamura,202,808.627.7455,K,5,Mililani,Leilehua-Mililani-Waialua,0,234,Mililani Waena Elem School,Elementary,745,48,6,TRUE
-157.8913311,21.34942278,1337 Mahiole Street,Honolulu,96819,808.305.1200,http://www.moanaluaelementary.org,Oahu,Central,Lynda Hj Ko  Galera,203,808.831.7877,K,6,Moanalua,Aiea-Moanalua-Radford,0,217,Moanalua Elem School,Elementary,637,39,5,TRUE
-157.89968,21.347052,2825 Ala Ilima Street,Honolulu,96818,808.305.1000,http://www.moanaluahs.org/,Oahu,Central,Robin Jean  Martin,204,808.831.7919,9,12,Moanalua,Aiea-Moanalua-Radford,0,218,Moanalua High School,High,2108,123,17,TRUE
-157.8926981,21.35030925,1289 Mahiole Street,Honolulu,96819,808.305.1289,http://www.moanaluamiddle.org/,Oahu,Central,Wayne Cepeda  Guevara,205,808.831.7859,7,8,Moanalua,Aiea-Moanalua-Radford,0,219,Moanalua Middle School,Middle,674,49,9,TRUE
-157.749989,21.44397867,1193 Mokapu Blvd.   KMCB Bldg.,Kailua,96734,808.254.7964,https://mokapu.k12.hi.us,Oahu,Windward,Paloma L  Almanza,206,808.254.7969,K,6,Kalaheo,Kailua-Kalaheo,0,322,Mokapu Elem School,Elementary,782,55,9,TRUE
-157.9410014,21.3423351,250 Aupaka Street,Honolulu,96818,808.421.4180,http://mokulele.k12.hi.us/,Oahu,Central,Melissa L  Goo,207,808.421.4182,K,6,Radford,Aiea-Moanalua-Radford,0,220,Mokulele Elem School,Elementary,214,21,3,TRUE
-157.0476804,21.16216595,2140 Farrington Avenue,Hoolehua,96729,808.567.6950,http://molokaihighschool.weebly.com/,Molokai,Maui,Katina Malia  Soares,208,808.567.6960,9,12,Molokai,Hana-Lahainaluna-Lanai-Molokai,0,421,Molokai High School,High,364,24,8,TRUE
-157.0478945,21.16488181,2175 Lihipali Avenue,Hoolehua,96729,808.567.6940,http://www.molokaimiddleschool.com,Molokai,Maui,Dawn Dyer  Mains,209,808.567.6939,7,8,Molokai,Hana-Lahainaluna-Lanai-Molokai,0,434,Molokai Middle School,Middle,174,14,5,TRUE
-157.952032,21.411609,2130 Hookiekie Street,Pearl City,96782,808.307.5800,http://www.momilani.k12.hi.us/,Oahu,Leeward,Doreen Y  Higa,210,808.453.6448,K,6,Pearl City,Pearl City-Waipahu,0,285,Momilani Elem School,Elementary,404,22,3,TRUE
-155.1027365,19.55509197,18-1235 Volcano Highway,Mountain View,96771,808.313.3200,http://www.mveshawks.k12.hi.us/,Hawaii,Hawaii,Wilma Tabios  Roddy,211,808.968.2305,K,5,Keaau,Kau-Keaau-Pahoa,0,379,Mountain View Elem School,Elementary,458,39,7,TRUE
-157.8596649,21.30748984,1040 Richards St.  Ste. 220,Honolulu,96813,808.441.8000,http://www.ethompson.org/,Oahu,Honolulu,Diana Oshiro,212,808.683.7062,K,12,McKinley,Kaimuki-McKinley-Roosevelt,1,544,Myron B. Thompson Academy,Elementary-Middle-High,542,,,FALSE
-155.1087211,19.54919907,18-1355 Volcano Highway  P.O. Box 711539,Mountain View,96771,808.968.2318,http://nawaiolapcs.org/,Hawaii,Hawaii,Kapua  Francisco,213,808.968.0778,PreK,6,Keaau,Kau-Keaau-Pahoa,1,398,Na Wai Ola - PCS,Elementary,133,,,FALSE
-155.579861,19.06216381,95-5545 Mamalahoa Highway,Naalehu,96772,808.939.2413,http://naalehuel.hidoe.us/,Hawaii,Hawaii,Darlene M  Javar,214,808.939.2419,K,6,Kau,Kau-Keaau-Pahoa,0,380,Naalehu Elem School,Elementary,389,30,4,TRUE
-156.6635293,20.88630723,816 Niheu Street,Lahaina,96761,808.662.4020,https://sites.google.com/a/lahaina.k12.hi.us/princess-nahienaena-elementary/,Maui,Maui,Rebecca Speer  Winkie,215,808.662.4023,K,5,Lahainaluna,Hana-Lahainaluna-Lanai-Molokai,0,429,Nahienaena Elem School,Elementary,656,52,7,TRUE
-158.144109,21.38282898,89-153 Mano Avenue,Waianae,96792,808.305.7800,http://npono.nwcomplex.org/,Oahu,Leeward,Christine Marie  Udarbe,216,808.668.5890,K,6,Nanakuli,Nanakuli-Waianae,0,261,Nanaikapono Elem School,Elementary,719,50,13,TRUE
-158.134019,21.38780301,89-778 Haleakala Avenue,Waianae,96792,808.668.5813,http://nes.nwcomplex.org/,Oahu,Leeward,Lisa Ann Leiko  Higa,217,808.668.5817,K,6,Nanakuli,Nanakuli-Waianae,0,262,Nanakuli Elem School,Elementary,363,24,7,TRUE
-158.134019,21.38780301,89-980 Nanakuli Avenue,Waianae,96792,808.668.5823,http://nhis.nwcomplex.org/,Oahu,Leeward,Darin K  Pilialoha,218,808.668.5828,7,12,Nanakuli,Nanakuli-Waianae,0,263,Nanakuli High & Inter School,Intermediate,950,83,16,TRUE
-159.66873,21.95732008,c/o Waimea High School  9707 Tsuchiya Road,Waimea,96796,808.338.6800,,Niihau,Kauai,Mahina Leigh  Anguay,219,808.338.6807,K,12,Waimea,Kapaa-Kauai-Waimea,0,461,Niihau High & Elem School,Elementary-Middle-High,14,2,,TRUE
-157.9360315,21.34063742,520 Main Street,Honolulu,96818,808.307.4400,http://nimitzelementary.hidoe.us/,Oahu,Central,Marcy Ann  Kagami,220,808.421.4170,K,6,Radford,Aiea-Moanalua-Radford,0,221,Nimitz Elem School,Elementary,539,42,5,TRUE
-157.740416,21.28538102,310 Halemaumau Street,Honolulu,96821,808.377.2440,http://www.niuvalleymiddle.org/,Oahu,Honolulu,Laura L  Ahn,221,808.377.2444,6,8,Kaiser,Farrington-Kaiser-Kalani,0,139,Niu Valley Middle School,Middle,742,44,15,TRUE
-157.8115846,21.30655832,2655 Woodlawn Drive,Honolulu,96822,808.988.1858,http://www.nes.k12.hi.us/,Oahu,Honolulu,Bryan A  Gusman,222,808.988.1855,K,5,Roosevelt,Kaimuki-McKinley-Roosevelt,0,140,Noelani Elem School,Elementary,411,26,4,TRUE
-157.835023,21.336122,3055 Puiwa Lane,Honolulu,96817,808.595.5422,http://www.nuuanu.k12.hi.us/,Oahu,Honolulu,James Akira  Toyooka,223,808.595.5425,K,5,Roosevelt,Kaimuki-McKinley-Roosevelt,0,141,Nuuanu Elem School,Elementary,337,23,3,TRUE
-157.749175,21.37711533,42-522 Kalanianaole Highway,Kailua,96734,808.266.7866,http://www.olomanaschoolhi.k12.hi.us/,Oahu,Windward,Lisa Anne   Delong,224,808.266.7873,7,12,Kailua,Kailua-Kalaheo,0,475,Olomana School,Intermediate,68,38,8,TRUE
-155.373292,20.04033492,43-1497 Old Main Road,Paauilo,96776,808.776.7710,http://www.paauiloschool.org/,Hawaii,Hawaii,Michelle Wendy Miranda  Barber,225,808.776.7714,K,9,Honokaa,Honokaa-Kealakehe-Kohala-Konawaena,0,382,Paauilo Elem & Inter School,Elementary-Middle,190,16,4,TRUE
-154.9425123,19.49245921,15-3030 Pahoa Village Road,Pahoa,96778,808.313.4400,,Hawaii,Hawaii,Michelle   Payne-Arakaki,226,808.965.2180,K,6,Pahoa,Kau-Keaau-Pahoa,0,381,Pahoa Elem School,Elementary,363,22,7,TRUE
-154.9425123,19.49245921,15-3038 Puna Road,Pahoa,96778,808.965.2150,http://pahoahis.org/,Hawaii,Hawaii,Darlene   Bee,227,808.965.2153,7,12,Pahoa,Kau-Keaau-Pahoa,0,383,Pahoa High & Inter School,Intermediate,713,41,11,TRUE
-156.3630501,20.89946751,955 Baldwin Avenue,Paia,96779,808.579.2100,http://paiaelementary.com,Maui,Maui,Leona Kehaulani  Luuwai,228,808.579.2103,K,5,Kekaulike,Baldwin-Kekaulike-Maui,0,422,Paia Elem School,Elementary,378,29,4,TRUE
-157.953196,21.42577798,2306 Auhuhu Street,Pearl City,96782,808.453.6550,http://www.palisades.hidoe.us,Oahu,Leeward,Gavin A  Tsue,229,808.453.5910,K,6,Pearl City,Pearl City-Waipahu,0,264,Palisades Elem School,Elementary,397,28,4,TRUE
-157.7914975,21.29975171,2106 10th Avenue,Honolulu,96816,808.733.4700,http://www.paloloelementary.com,Oahu,Honolulu,Gary H  Harada,230,808.733.4708,K,5,Kaimuki,Kaimuki-McKinley-Roosevelt,0,142,Palolo Elem School,Elementary,267,24,3,TRUE
-157.7989925,21.4135246,45-259 Waikalua Road,Kaneohe,96744,808.233.5686,http://benjaminparkerschool.weebly.com/,Oahu,Windward,Kathy K  Kahikina,231,808.233.5689,K,6,Castle,Castle-Kahuku,0,323,Parker Elem School,Elementary,262,28,5,TRUE
-157.843496,21.318569,2301 Pauoa Road,Honolulu,96813,808.587.4500,http://pauoa.k12.hi.us/,Oahu,Honolulu,Dale M  Arakaki,232,808.587.4506,K,5,Roosevelt,Kaimuki-McKinley-Roosevelt,0,143,Pauoa Elem School,Elementary,349,22,3,TRUE
-157.972147,21.395314,1090 Waimano Home Road,Pearl City,96782,808.453.6455,http://www.pearlcity-es.org/,Oahu,Leeward,Susan Kay M  Hirokane,233,808.453.6467,K,6,Pearl City,Pearl City-Waipahu,0,265,Pearl City Elem School,Elementary,424,29,4,TRUE
-157.9554589,21.41364438,2100 Hookiekie Street,Pearl City,96782,808.307.5500,http://www.pchs.k12.hi.us,Oahu,Leeward,Joseph S  Halfmann,234,808.453.6521,9,12,Pearl City,Pearl City-Waipahu,0,266,Pearl City High School,High,1599,102,19,TRUE
-157.9660024,21.40376455,1419 Waimano Home Road,Pearl City,96782,808.453.6470,http://www.pches.org/,Oahu,Leeward,Zachary D  Sheets,235,808.453.6472,K,6,Pearl City,Pearl City-Waipahu,0,267,Pearl City Highlands Elem,Elementary,530,30,5,TRUE
-157.931022,21.34480408,1 Moanalua Ridge,Honolulu,96818,808.421.4125,http://www.pearlharborelementary.org/,Oahu,Central,Shannon Lee  Tamashiro,236,808.421.4128,K,6,Radford,Aiea-Moanalua-Radford,0,222,Pearl Harbor Elem School,Elementary,446,43,6,TRUE
-157.9373029,21.34845137,1 C Avenue,Honolulu,96818,808.421.4245,https://www.pearlharborkai.org/,Oahu,Central,Dean M  Casupang,237,808.421.4248,K,6,Radford,Aiea-Moanalua-Radford,0,223,Pearl Harbor Kai Elem School,Elementary,340,33,5,TRUE
-157.9452599,21.38778583,98-940 Moanalua Road,Aiea,96701,808.305.9300,http://pearlrid.k12.hi.us,Oahu,Central,Blaine Toshio  Takeguchi,238,808.483.7255,K,6,Aiea,Aiea-Moanalua-Radford,0,243,Pearl Ridge Elem School,Elementary,435,32,6,TRUE
-158.009712,21.31576198,91-750 Fort Weaver Road,Ewa Beach,96706,808.307.2000,http://www.pohakea.k12.hi.us,Oahu,Leeward,Judith S  Wong,239,808.689.1293,K,6,Campbell,Campbell-Kapolei,0,269,Pohakea Elem School,Elementary,452,29,5,TRUE
-156.4866093,20.86462035,4650 S. Kamehameha Avenue,Kahului,96732,808.873.3410,http://pomaikai.k12.hi.us/,Maui,Maui,Timothy A  Shim,240,808.873.3414,K,5,Maui,Baldwin-Kekaulike-Maui,0,433,Pomaikai Elem School,Elementary,539,42,3,TRUE
-157.6938284,21.32788469,41-133 Huli Street,Waimanalo,96795,808.259.0450,https://www.pope.k12.hi.us/,Oahu,Windward,Aaron K H  Okumura,241,808.259.0452,K,6,Kailua,Kailua-Kalaheo,0,324,Pope Elem School,Elementary,189,18,3,TRUE
-156.3462911,20.83934114,2945 Iolani Street,Pukalani,96768,808.573.8760,https://www.pukalanies.k12.hi.us,Maui,Maui,Ty Toshio  Ogasawara,242,808.573.8766,K,5,Kekaulike,Baldwin-Kekaulike-Maui,0,426,Pukalani Elem School,Elementary,429,31,5,TRUE
-157.7898978,21.4093813,45-233 Kulauli Street,Kaneohe,96744,808.305.5900,http://puohala.weebly.com/,Oahu,Windward,Shawna Noel Makala  Paakaula,243,808.233.5663,K,6,Castle,Castle-Kahuku,0,314,Puohala Elem School,Elementary,269,20,4,TRUE
-156.5080635,20.87670198,3700 Kehalani Mauka Parkway,Wailuku,96793,808.727.3000,https://puukukui.k12.hi.us/,Maui,Maui,Chad M  Okamoto,244,808.727.3120,K,5,Baldwin,Baldwin-Kekaulike-Maui,0,436,Puu Kukui Elem School,Elementary,685,45,6,TRUE
-157.884514,21.32734598,345 Puuhale Road,Honolulu,96819,808.832.3190,https://puuhaleschool.com/,Oahu,Honolulu,Arnie A  Kikkawa,245,808.832.3195,K,5,Farrington,Farrington-Kaiser-Kalani,0,145,Puuhale Elem School,Elementary,258,23,3,TRUE
-157.9272585,21.35960273,4361 Salt Lake Blvd.,Honolulu,96818,808.421.4200,http://www.radfordhs.org/,Oahu,Central,James L  Sunday,246,808.421.4210,9,12,Radford,Aiea-Moanalua-Radford,0,224,Radford High School,High,1205,77,14,TRUE
-157.9003339,21.36872945,1265 Ala Kula Place,Honolulu,96819,808.305.1530,http://www.redhillelementary.org,Oahu,Central,Komarey Reuth Kao  Moss,247,808.831.7861,K,6,Moanalua,Aiea-Moanalua-Radford,0,225,Red Hill Elem School,Elementary,431,32,3,TRUE
-157.837607,21.31124099,1120 Nehoa Street,Honolulu,96822,808.587.4600,http://www.roosevelthigh.org/,Oahu,Honolulu,Sean J E  Wong,248,808.587.4637,9,12,Roosevelt,Kaimuki-McKinley-Roosevelt,0,146,Roosevelt High School,High,1441,80,18,TRUE
-157.8540315,21.31232582,1519 Queen Emma Street,Honolulu,96813,808.587.4510,http://www.royalschoolk5.org/,Oahu,Honolulu,Eleanor Mae  Gonsalves,249,808.587.4518,K,5,McKinley,Kaimuki-McKinley-Roosevelt,0,147,Royal Elem School,Elementary,312,26,4,TRUE
-157.9123963,21.35087489,1131 Ala Lilikoi Street,Honolulu,96818,808.305.1600,http://www.saltlake.k12.hi.us/,Oahu,Central,Duwayne Fujio   Abe,250,808.831.7873,K,6,Moanalua,Aiea-Moanalua-Radford,0,239,Salt Lake Elem School,Elementary,656,44,9,TRUE
-157.933472,21.38253499,98-1230 Moanalua Road,Aiea,96701,808.483.7220,http://www.alvahscott.org/,Oahu,Central,Sandra J  Watanabe,251,808.483.7223,K,6,Aiea,Aiea-Moanalua-Radford,0,227,Scott Elem School,Elementary,443,30,5,TRUE
-157.790977,21.27149698,845 22nd Ave.,Honolulu,96816,808.677.3377,http://www.seeqs.org/,Oahu,Honolulu,Buffy Cushman-Patz,252,,6,8,Kalani,Farrington-Kaiser-Kalani,1,567,SEEQS - PCS,Middle,182,,,FALSE
-157.8890286,21.33697187,2 Fort Shafter,Honolulu,96819,808.305.1500,https://www.shafterelementary.com/,Oahu,Central,Corey Melvin  Barton,253,808.832.3562,K,6,Moanalua,Aiea-Moanalua-Radford,0,228,Shafter Elem School,Elementary,392,28,3.5,TRUE
-158.0737895,21.49163997,211 Carpenter Street,Wahiawa,96786,808.305.1800,http://www.solomonelementary.org,Oahu,Central,Thomas Franklin  Swan,254,808.624.9505,K,5,Leilehua,Leilehua-Mililani-Waialua,0,226,Solomon Elem School,Elementary,703,64,10,TRUE
-157.8415202,21.31005571,1202 Prospect Street,Honolulu,96822,808.587.4520,https://www.rlsms.k12.hi.us/,Oahu,Honolulu,Katherine B  Balatico,255,808.587.4523,6,8,Roosevelt,Kaimuki-McKinley-Roosevelt,0,148,Stevenson Middle School,Middle,629,43,8,TRUE
-158.0509038,21.66422951,59-360 Kamehameha Highway,Haleiwa,96712,808.307.1000,http://www.sunset.k12.hi.us/,Oahu,Windward,Eliza Claire  Elkington,256,808.638.8789,K,6,Kahuku,Castle-Kahuku,0,325,Sunset Beach Elem School,Elementary,384,28,3,TRUE
-157.822719,21.29799302,1776 University Avenue  UHS Bldg 3  #121,Honolulu,96822,808.956.7833,http://www.universitylaboratoryschool.org/,Oahu,Honolulu,Keoni Jeremiah,257,808.956.7260,K,12,Roosevelt,Kaimuki-McKinley-Roosevelt,1,543,University Laboratory School,Elementary-Middle-High,449,,,FALSE
-155.2415966,19.42366374,99-128 Old Volcano Road,Volcano,96785,808.985.9800,http://volcanoschool.com/,Hawaii,Hawaii,Kalima Kinney,258,808.985.9898,PreK,8,Keaau,Kau-Keaau-Pahoa,1,560,Volcano School of Arts & Sci,Elementary-Middle,266,,,FALSE
-157.823028,21.29583225,2428 Wilder Avenue,Honolulu,96822,808.521.9770,http://voyagerschool.com,Oahu,Honolulu,Evan Anderson,259,808.521.9772,K,7,McKinley,Kaimuki-McKinley-Roosevelt,1,541,Voyager - PCS,Elementary-Middle,284,,,FALSE
-158.0178665,21.5041435,1402 Glen Avenue,Wahiawa,96786,808.622.6393,http://wes.k12.hi.us/,Oahu,Central,Jamie Y  Oshiro,260,808.622.6394,K,5,Leilehua,Leilehua-Mililani-Waialua,0,229,Wahiawa Elem School,Elementary,408,33,6,TRUE
-158.0176457,21.49446793,275 Rose Street,Wahiawa,96786,808.305.3300,http://wahiawamiddle.com,Oahu,Central,Ursula Ann  Kawaguchi,261,808.622.6506,6,8,Leilehua,Leilehua-Mililani-Waialua,0,230,Wahiawa Middle School,Middle,717,56,9,TRUE
-157.8522633,21.48269965,48-215 Waiahole Valley Road,Kaneohe,96744,808.239.3111,http://www.waiahole.org/,Oahu,Windward,Alexandra P  Obra,262,808.239.3113,K,6,Castle,Castle-Kahuku,0,326,Waiahole Elem School,Elementary,103,11,2,TRUE
-155.0746075,19.69446537,180 West Puainako Street,Hilo,96720,808.981.7215,http://www.waiakeaelementary.org/,Hawaii,Hawaii,Ken K  Watanabe,263,808.981.7218,K,5,Waiakea,Hilo-Waiakea,0,384,Waiakea Elem School,Elementary,805,58,6,TRUE
-155.0774655,19.70076217,155 W. Kawili Street,Hilo,96720,808.974.4888,http://waiakeahigh.k12.hi.us/,Hawaii,Hawaii,Kelcy K  Koga,264,808.974.4880,9,12,Waiakea,Hilo-Waiakea,0,389,Waiakea High School,High,1266,80,13,TRUE
-155.0772935,19.69426521,200 West Puainako Street,Hilo,96720,808.981.7231,http://www.waiakeatitans.org/,Hawaii,Hawaii,Lisa N M  Souza,265,808.981.7237,6,8,Waiakea,Hilo-Waiakea,0,385,Waiakea Inter School,Middle,799,57,10,TRUE
-155.0674491,19.68366747,2420 Kilauea Avenue,Hilo,96720,808.981.7200,http://www.waiakeawaena-elementary.com/,Hawaii,Hawaii,Kasie Puahala Torres  Kaleohano,266,808.981.7205,K,5,Waiakea,Hilo-Waiakea,0,386,Waiakeawaena Elem School,Elementary,683,51,5,TRUE
-157.7927971,21.27644859,1045 19th Avenue,Honolulu,96816,808.733.4880,http://www.waialae.edu/,Oahu,Honolulu,John Constantinou,267,808.733.4886,PreK,5,Kalani,Farrington-Kaiser-Kalani,1,149,Waialae Elem School - PCS,Elementary,434,,,FALSE
-158.1212734,21.57621185,67-020 Waialua Beach Road,Waialua,96791,808.637.8228,http://www.waialuae.k12.hi.us,Oahu,Central,Scott B  Moore,268,808.637.8225,K,6,Waialua,Leilehua-Mililani-Waialua,0,231,Waialua Elem School,Elementary,466,33,5,TRUE
-158.125633,21.56561302,67-160 Farrington Highway,Waialua,96791,808.637.8200,http://www.whis.k12.hi.us/,Oahu,Central,Christine A  Alexander,269,808.637.8209,7,12,Waialua,Leilehua-Mililani-Waialua,0,232,Waialua High & Inter School,Intermediate,619,44,11,TRUE
-158.18425,21.44472963,85-220 McArthur Street,Waianae,96792,808.697.7083,http://wes.nwcomplex.org/,Oahu,Leeward,Ray Jeanine E D  Pikelny,270,808.697.7090,PreK,6,Waianae,Nanakuli-Waianae,0,270,Waianae Elem School,Elementary,448,36,4,TRUE
-158.1993995,21.45585673,85-251 Farrington Highway,Waianae,96792,808.697.7017,http://whs.nwcomplex.org/,Oahu,Leeward,Disa   Hauge,271,808.697.7018,9,12,Waianae,Nanakuli-Waianae,0,272,Waianae High School,High,1890,127,26,TRUE
-158.192333,21.45280698,85-626 Farrington Highway,Waianae,96792,808.697.7121,http://wis.nwcomplex.org/,Oahu,Leeward,John Charles  Wataoka,272,808.697.7124,7,8,Waianae,Nanakuli-Waianae,0,273,Waianae Inter School,Middle,716,60,9,TRUE
-157.9542504,21.39830135,98-450 Hookanike Street,Pearl City,96782,808.453.6530,http://www.waiauelementary.org,Oahu,Leeward,Troy Masao  Takazono,273,808.453.6541,K,6,Pearl City,Pearl City-Waipahu,0,288,Waiau Elem School,Elementary,466,35,4,TRUE
-156.513277,20.93440911,2125 Kahekili Highway,Wailuku,96793,808.727.5300,https://www.waihee.k12.hi.us/,Maui,Maui,Paula Masako  Inouye,274,808.984.5648,K,5,Baldwin,Baldwin-Kekaulike-Maui,0,424,Waihee Elem School,Elementary,570,39,5,TRUE
-158.0117333,21.40201344,94-1035 Kukula Street,Waipahu,96797,808.677.6100,http://www.waikelees.org,Oahu,Leeward,Sheldon S  Oshio,275,808.677.6106,K,6,Waipahu,Pearl City-Waipahu,0,290,Waikele Elem School,Elementary,499,41,5,TRUE
-157.8152145,21.26822532,3710 Leahi Avenue,Honolulu,96815,808.971.6900,www.waikikischool.org/,Oahu,Honolulu,Bonnie L  Tabor,276,808.971.6902,K,5,Kalani,Farrington-Kaiser-Kalani,0,150,Waikiki Elem School,Elementary,541,37,4.5,TRUE
-155.7893307,19.94617443,68-1730 Hooko Street,Waikoloa,96738,808.883.6808,http://www.waikoloaschool.org/,Hawaii,Hawaii,Kristine   Kosa-Correia,277,808.883.6811,K,8,Kealakehe,Honokaa-Kealakehe-Kohala-Konawaena,0,393,Waikoloa School,Elementary-Middle,731,55,10,TRUE
-156.5051087,20.88279599,355 South High Street,Wailuku,96793,808.984.5622,http://wailuku.k12.hi.us,Maui,Maui,Nikan Alexander  Arapoff,278,808.984.5627,K,5,Baldwin,Baldwin-Kekaulike-Maui,0,425,Wailuku Elem School,Elementary,585,45,4,TRUE
-157.949689,21.39074251,98-825 Moanalua Road,Aiea,96701,808.307.4500,http://www.waimaluelementary.org,Oahu,Central,Glen Keiji  Iwamoto,279,808.483.7213,K,6,Aiea,Aiea-Moanalua-Radford,0,233,Waimalu Elem School,Elementary,365,36,5,TRUE
-157.7149847,21.34690239,41-1330 Kalanianaole Highway,Waimanalo,96795,808.259.0460,http://www.waimanaloschool.org/,Oahu,Windward,Noel R  Richardson,280,808.259.0463,K,8,Kailua,Kailua-Kalaheo,0,327,Waimanalo Elem & Inter School,Elementary-Middle,365,36,6,TRUE
-159.6725138,21.96019644,9555 Huakai Road,Waimea,96796,808.338.6830,http://www.waimeacanyonms.org/,Kauai,Kauai,Melissa Ptacek  Speetjens,281,808.338.6832,6,8,Waimea,Kapaa-Kauai-Waimea,0,464,Waimea Canyon School,Middle,485,32,6,TRUE
-155.6701618,20.01940665,67-1225 Mamalahoa Highway,Kamuela,96743,808.887.7636,http://www.waimeaelementary.k12.hi.us,Hawaii,Hawaii,Scott S  Tamura,282,808.887.7640,K,5,Honokaa,Honokaa-Kealakehe-Kohala-Konawaena,0,387,Waimea Elem School,Elementary,471,40,6,TRUE
-159.6687273,21.95732777,9707 Tsuchiya Road,Waimea,96796,808.338.6800,www.waimeahighschool.org,Kauai,Kauai,Mahina Leigh  Anguay,283,808.338.6807,9,12,Waimea,Kapaa-Kauai-Waimea,0,462,Waimea High School,High,758,43,9,TRUE
-155.6702265,20.01935812,67-1229 Mamalahoa Hwy.,Kamuela,96743,808.887.6090,http://waimeamiddleschool.org/,Hawaii,Hawaii,Janice English,284,808.887.6087,6,8,Honokaa,Honokaa-Kealakehe-Kohala-Konawaena,1,394,Waimea Middle School - PCS,Middle,211,,,FALSE
-158.0159578,21.3855161,94-465 Waipahu Street,Waipahu,96797,808.675.0150,http://waipahuelementary.org/,Oahu,Leeward,Aaron S  Tominaga,285,808.675.0121,K,6,Waipahu,Pearl City-Waipahu,0,274,Waipahu Elem School,Elementary,926,78,9,TRUE
-157.993451,21.38659501,94-1211 Farrington Highway,Waipahu,96797,808.675.0222,https://www.waipahuhigh.org/,Oahu,Leeward,Keith T  Hayashi,286,808.675.0257,9,12,Waipahu,Pearl City-Waipahu,0,277,Waipahu High School,High,2797,154,33,TRUE
-158.014552,21.38182442,94-445 Farrington Highway,Waipahu,96797,808.675.0177,http://www.waipahuintermediate.org,Oahu,Leeward,Randell T  Dunn,287,808.675.0181,7,8,Waipahu,Pearl City-Waipahu,0,278,Waipahu Inter School,Middle,1075,78,16,TRUE
-157.835275,21.29669575,1633 South King Street,Honolulu,96826,808.973.0177,http://www.washingtonms.k12.hi.us/,Oahu,Honolulu,Michael K  Harano,288,808.973.0181,6,8,Kaimuki,Kaimuki-McKinley-Roosevelt,0,152,Washington Middle School,Middle,593,54,9,TRUE
-157.922161,21.38108601,99-370 Paihi Street,Aiea,96701,808.483.7240,http://weblingpueo.org,Oahu,Central,Chad M  Matsuda,289,808.483.7242,K,6,Aiea,Aiea-Moanalua-Radford,0,235,Webling Elem School,Elementary,438,26,5,TRUE
-156.0320304,19.72579113,73-4460 Queen Kaahumanu Hwy.  PMB 503 Highway  Suite #105,Kailua-Kona,96740,808.327.4751,http://www.whea.net/,Hawaii,Hawaii,Heather Nakakura,290,808.327.4750,6,12,Kealakehe,Honokaa-Kealakehe-Kohala-Konawaena,1,399,West Hawaii Explorations -PCS,Intermediate,276,,,FALSE
-158.0391414,21.48690592,1 Wheeler Army Air Field,Wahiawa,96786,808.305.9500,http://www.wheeler.k12.hi.us,Oahu,Central,Kendrick Kenji  Kakazu,291,808.622.6403,K,5,Leilehua,Leilehua-Mililani-Waialua,0,236,Wheeler Elem School,Elementary,620,55,8,TRUE
-158.03838,21.48679171,2 Wheeler Army Air Field,Wahiawa,96786,808.305.9000,http://www.wheelm.k12.hi.us/,Oahu,Central,Brenda L  Vierra-Chun,292,808.622.6529,6,8,Leilehua,Leilehua-Mililani-Waialua,0,237,Wheeler Middle School,Middle,644,50,10,TRUE
-159.3640643,21.97625839,4319 Hardy Street,Lihue,96766,808.274.3150,http://www.wilcox.k12.hi.us/,Kauai,Kauai,Corey Dean  Nakamura,293,808.274.3152,K,5,Kauai,Kapaa-Kauai-Waimea,0,463,Wilcox Elem School,Elementary,746,54,7,TRUE
-157.7849611,21.28155724,4945 Kilauea Avenue,Honolulu,96816,808.733.4740,http://wilsonschoolhawaii.org,Oahu,Honolulu,Ryan A  Amine,294,808.733.4746,K,5,Kalani,Farrington-Kaiser-Kalani,0,153,Wilson Elem School,Elementary,539,37,6,TRUE